⚔ KONFÖDERATION UNABHÄNGIGER SYSTEME,,,,,,,,,
Die Galaxis im Krieg - 20 BBY  |  Flottenübersicht,,,,,,,,,
,,,,,,,,,
▸ BATTLECRUISERS,,,,,,,,,
Schiffsklasse,Grunddaten,Hauptbewaffnung,Sekundärbewaffnung,Hangar,Stationierung & Einsatz,Schaden bei opt. Feuerwinkel,Optimaler Feuerwinkel,Damage pro Schadensbericht,Notizen
Subjugator-class Heavy Cruiser (Ion),"Schlachtkreuzer, Free Dac VEC / Pammant Docks, 4.845m, 8.500 Crew, 60.000 Passagiere, Klasse 2 Hyperraumantrieb, Klasse 12 Backup, 14.000 SBD, 12.000 RU, 40 MGLT","2 Ultra-Large Ion Cannons, 500 Medium Turbolaser Batteries","30 Medium Flak/Mass Driver Cannons, 40 Medium Ion Cannons, 60 Dual Point-Defense Cannon Turrets, 10 Proton Torpedo Launcher (12 Torpedos pro Launcher)","max. 240 Sternenjäger, 5 C-9979 Landungsboote, 40 Transport, 15 schwere Fahrzeuge (8 MTT, 4 NR-N99 Persuader, 3 Octuptarra Magna Tri-Droid), 35 Medium Fahrzeuge (18 AAT, 10 IG-227 Hailfire, 7 OG-9 Homing Spider Droid), 50 Light/Support Fahrzeuge (20 STAP, 15 DSD1 Dwarf Spider Droid, 10 LM-432 Crab Droid, 5 PK Worker Droid)","1, Malevolence II",1400,Front/Breitseite,1400,"Pro Protontorpedo 12 Damage, Nachladezeit 20 sek. | Das Flaggschiff des Terrors - die 2 Ultra-Large Ion Cannons können ganze Flotten mit einem Schuss lahmlegen. Gegen Schiffe wie dem Mandator II- I und Praetor MK I sind diese Ionenimpulse jedoch wirkungslos. Diese Waffen, auch wenn sie militärisch fragwürdig sind, sind der einzige Grund, warum das Schiff existiert. Die Ionenversion mit Schmongs Antriebskonzept neigt jedoch dazu, Energie zu verlieren, die dann in andere Systeme überschwappen und gelegentlich Schilde, Kommunikation oder andere Systeme lahmlegen kann."
Subjugator-class Heavy Cruiser,"Schlachtkreuzer, Free Dac VEC / Pammant Docks, 4.845m, 8.500 Crew, 180.000 Passagiere, Klasse 2 Hyperraumantrieb, Klasse 12 Backup, 20.000 SBD, 13.000 RU, 40 MGLT",500 Medium Turbolaser Batteries,"80 Medium Flak/Mass Driver Cannons, 120 Medium Ion Cannons, 400 Dual Point-Defense Cannon Turrets, 40 Proton Torpedo Launcher (12 Torpedos pro Launcher)","max. 544 Sternenjäger, 10 C-9979 Landungsboote, 80 Transport, 80 schwere Fahrzeuge (40 MTT, 24 NR-N99 Persuader, 16 Octuptarra Magna Tri-Droid), 120 Medium Fahrzeuge (60 AAT, 36 IG-227 Hailfire, 24 OG-9 Homing Spider Droid), 200 Light/Support Fahrzeuge (80 STAP, 60 DSD1 Dwarf Spider Droid, 40 LM-432 Crab Droid, 20 PK Worker Droid)",2,1700,Front/Breitseite,1700,"Pro Protontorpedo 12 Damage, Nachladezeit 20 sek. | Standard-Subjugator ohne Ultra-Large Ion Cannons - dafür deutlich mehr konventionelle Feuerkraft (500 Medium TL + 120 Medium Ions). Massiv, aber ohne Heavy Weapons trotz 4.845m Länge. Trägt 180.000 deaktivierte Kampfdroiden und maximal 544 Sternenjäger - eine schwimmende Invasionsarmee."
Lucrehulk-class Battleship,"Schlachtschiff, Hoersch-Kessel Drive Inc., 3.170m, 350 Crew, 15.000 Passagiere + 330.000 deaktivierte Kampfdroiden, Klasse 2 Hyperraumantrieb, Klasse 10 Backup, 10.000 SBD, 4.900 RU, 35 MGLT","48 Quad Medium Turbolaser Turrets, 3 Medium Turbolaser, 48 Assault Laser Cannons","472 Laser Cannons, 185 Quad Point-Defense Cannon Turrets","max. 1.500 Sternenjäger, 50 C-9979 Landungsboote, 100 Transport, 550 MTTs, 1.500 Truppentransporter, 6.250 AATs","1200, (...)",1000,Ober/Unterseite,1000,"Das ikonische Handelsförderations-Schlachtschiff — massiv groß, aber mit minimaler organischer Crew (nur 350). Trotz 3.170m Länge sind die Waffen alle Medium-Klasse oder schwächer. Sein wahrer Wert liegt im Droiden-Arsenal: 330.000 deaktivierte B1s plus 6.250 AATs plus 550 MTTs — eine komplette planetare Invasionsarmee in einem Schiff."
▸ STAR DESTROYERS,,,,,,,,,
Schiffsklasse,Grunddaten,Hauptbewaffnung,Sekundärbewaffnung,Hangar,Stationierung & Einsatz,Schaden bei opt. Feuerwinkel,Optimaler Feuerwinkel,Damage pro Schadensbericht,Notizen
Recusant-class Dreadnought," Schwerer Zerstörer, Hoersch-Kessel Drive Inc. / Free Dac VEC, 2.200m, 650 Crew, 8.000 Passagiere + 120.000 deaktivierte Kampfdroiden, Klasse 2 Hyperraumantrieb, Klasse 12 Backup, 4.200 SBD, 1.800 RU, 65 MGLTT","2 Heavy Prow Turbolasers, 2 Heavy Prow Ion Cannons, 8 Heavy Turbolaser Cannons, 12 Heavy Turbolaser Turrets, 4 Heavy Ion Cannon Turrets"," 12 Medium Turbolaser Turrets, 10 Medium Ion Cannon Batteries, 60 Dual Point-Defense Cannons, 24 Dual Light Point-Defense Cannons, 100 Light Point-Defense Cannons, 6 Medium Tractor Beam Projectors","max. 36 Sternenjäger, 12 Transport","7, (...)",500,Front/Unterseite,500,"Das Rückgrat der CIS-Flotte — ähnlich wie der Venator für die Republik. Der Heavy Prow Turbolaser und die Heavy Prow Ion Cannon machen den Recusant zum Frontalkämpfer, der gezielt auf sein Ziel zusteuert. Schnell (70 MGLT), minimal crew-intensiv (nur 300 organische Crew). Sein langes, dünnes Profil ist sein größtes Handicap — von der Seite ein leichtes Ziel."
Recusant-class Light Destroyer,"Leichter Zerstörer, Hoersch-Kessel Drive Inc. / Free Dac VEC, 1.187m, 300 Crew, 4.000 Passagiere + 40.000 deaktivierte Kampfdroiden, Klasse 2 Hyperraumantrieb, Klasse 12 Backup, 2.200 SBD, 950 RU, 70 MGLT","1 Heavy Prow Turbolaser, 1 Heavy Prow Ion Cannon, 4 Heavy Turbolaser Cannons, 6 Heavy Turbolaser Turrets","5 Medium Turbolaser Turrets, 30 Dual Point-Defense Cannons, 12 Dual Light Point-Defense Cannons, 60 Light Point-Defense Cannons","max. 12 Sternenjäger, 12 Transport","2200, (...)",500,Front/Unterseite,500,"Das Rückgrat der CIS-Flotte — ähnlich wie der Venator für die Republik. Der Heavy Prow Turbolaser und die Heavy Prow Ion Cannon machen den Recusant zum Frontalkämpfer, der gezielt auf sein Ziel zusteuert. Schnell (70 MGLT), minimal crew-intensiv (nur 300 organische Crew). Sein langes, dünnes Profil ist sein größtes Handicap — von der Seite ein leichtes Ziel."
Bulwark Mark II-class Destroyer,"Zerstörer, TransGalMeg Industries / Techno Union, 1.150m, 6.700 Crew, 1.300 Passagiere + 10.000 deaktivierte Kampfdroiden, Klasse 2 Hyperraumantrieb, Klasse 8 Backup, 4.000 SBD, 2.000 RU, 50 MGLT","20 Quad Heavy Turbolaser Turrets, 40 Medium Turbolaser Batteries","20 Medium Ion Cannon Batteries, 6 Medium Tractor Beam Projectors, 20 Proton Torpedo Launcher (8 Torpedos pro Launcher)","max. 36 Sternenjäger, 12 Transport, 5 schwere Fahrzeuge (2 MTT, 2 NR-N99 Persuader, 1 Octuptarra Magna Tri-Droid), 10 Medium Fahrzeuge (5 AAT, 3 IG-227 Hailfire, 2 OG-9 Homing Spider Droid), 20 Light/Support Fahrzeuge (8 STAP, 6 DSD1 Dwarf Spider Droid, 4 LM-432 Crab Droid, 2 PK Worker Droid)","80, (...)",900,Front/Oberseite,900,"Pro Protontorpedo 12 Damage, Nachladezeit 20 sek. | Modernisierte Variante des klassischen Bulwark — 20 Quad Heavy Turbolaser Turrets (80 Heavy TL Läufe) auf 1.150m ist absurde Feuerkraft-Dichte. Schlägt härter zu als ein Recusant trotz nur geringfügig größerer Hülle. Prestige-Objekt der CIS, spät im Krieg eingeführt. Selten, aber tödlich in Linienschlachten."
Providence-class Dreadnought,"Träger, Rendili StarDrive / Free Dac VEC / Pammant Docks, 2.177m, 20.500 Crew, 60.000 Passagiere + 200.000 deaktivierte Kampfdroiden, Klasse 2 Hyperraumantrieb, Klasse 12 Backup, 4.700 SBD, 2,340 RU, 75 MGLT","6 Quad Heavy Turbolaser Turrets, 16 Quad Medium Turbolaser Turrets, 20 J-1 Multi-Purpose Broadside Cannons","20 Medium Flak Guns, 20 Point-Defense Ion Cannons, 60 Dual Point-Defense Cannons, 12 Medium Tractor Beam Projectors, 150 Proton Torpedo Launcher (10 Torpedos pro Launcher)","max. 312 Sternenjäger, 8 C-9979 Landungsboote, 60 Transport, 20 schwere Fahrzeuge (10 MTT, 6 NR-N99 Persuader, 4 Octuptarra Magna Tri-Droid), 30 Medium Fahrzeuge (15 AAT, 9 IG-227 Hailfire, 6 OG-9 Homing Spider Droid), 50 Light/Support Fahrzeuge (20 STAP, 15 DSD1 Dwarf Spider Droid, 10 LM-432 Crab Droid, 5 PK Worker Droid)","20, (...)",750,Breitseite,750,"Pro Protontorpedo 12 Damage, Nachladezeit 20 sek. | Trägervariante des Providence-Designs — 480 Sternenjäger, dafür deutlich weniger Feuerkraft als die Destroyer-Version. 6 Quad Medium TL + 36 Flak ist genug für Selbstverteidigung, aber nicht für Linienkampf. Wird immer mit Escortschiffen eingesetzt, die den Feuerkampf übernehmen."
Providence-class Carrier,"Träger, Rendili StarDrive / Free Dac VEC / Pammant Docks, 1.088m, 20.500 Crew, 60.000 Passagiere + 200.000 deaktivierte Kampfdroiden, Klasse 2 Hyperraumantrieb, Klasse 12 Backup, 2.600 SBD, 1.450 RU, 75 MGLT","6 Quad Medium Turbolaser Turrets, 36 Medium Flak Cannons","50 Dual Point-Defense Cannons, 6 Medium Tractor Beam Projectors","max. 480 Sternenjäger, 10 C-9979 Landungsboote, 60 Transport, 20 schwere Fahrzeuge (10 MTT, 6 NR-N99 Persuader, 4 Octuptarra Magna Tri-Droid), 20 Medium Fahrzeuge (10 AAT, 6 IG-227 Hailfire, 4 OG-9 Homing Spider Droid), 40 Light/Support Fahrzeuge (16 STAP, 12 DSD1 Dwarf Spider Droid, 8 LM-432 Crab Droid, 4 PK Worker Droid)","250, (...)",200,Breitseite,200,"Trägervariante des Providence-Designs — 480 Sternenjäger, dafür deutlich weniger Feuerkraft als die Destroyer-Version. 6 Quad Medium TL + 36 Flak ist genug für Selbstverteidigung, aber nicht für Linienkampf. Wird immer mit Escortschiffen eingesetzt, die den Feuerkampf übernehmen."
Providence-class Destroyer,"Zerstörer, Rendili StarDrive / Free Dac VEC / Pammant Docks, 1.088m, 22.350 Crew, 48.250 Passagiere + 1.500.000 deaktivierte Kampfdroiden, Klasse 1.5 Hyperraumantrieb, Klasse 12 Backup, 3.400 SBD, 1.450 RU, 70 MGLT","4 Quad Heavy Turbolaser Turrets, 10 Quad Medium Turbolaser Turrets, 12 J-1 Multi-Purpose Broadside Cannons","12 Medium Flak Guns, 12 Point-Defense Ion Cannons, 34 Dual Point-Defense Cannons, 8 Medium Tractor Beam Projectors, 102 Proton Torpedo Launcher (10 Torpedos pro Launcher)","max. 240 Sternenjäger, 4 C-9979 Landungsboote, 36 Transport, 10 schwere Fahrzeuge (5 MTT, 3 NR-N99 Persuader, 2 Octuptarra Magna Tri-Droid), 20 Medium Fahrzeuge (10 AAT, 6 IG-227 Hailfire, 4 OG-9 Homing Spider Droid), 30 Light/Support Fahrzeuge (12 STAP, 9 DSD1 Dwarf Spider Droid, 6 LM-432 Crab Droid, 3 PK Worker Droid)","400, (...)",600,Breitseite,600,"Pro Protontorpedo 12 Damage, Nachladezeit 20 sek. | Das bekannteste CIS-Flaggschiff — General Grievous' Invisible Hand gehört zu dieser Klasse. 16 Heavy TL + 40 Medium TL + 12 Broadside Cannons gibt ausgewogene Feuerkraft. Trägt 1,5 Millionen deaktivierte Kampfdroiden — eine ganze Armee pro Schiff. Klasse 1.5 Hyperantrieb macht sie zu den schnellsten Großkampfschiffen der CIS."
Bulwark Mark I-class Destroyer,"Zerstörer, TransGalMeg Industries / Techno Union, 1.000m, 5.400 Crew, 1.000 Passagiere + 2.000 deaktivierte Kampfdroiden, Klasse 2 Hyperraumantrieb, Klasse 8 Backup, 3.250 SBD, 1.600 RU, 45 MGLT","50 Medium Turbolasers, 20 Medium Ion Cannons",5 Medium Tractor Beam Projectors,max. 24 Sternenjäger,"300, (...)",350,Front/Breitseite,350,"Älterer Vorgänger des Bulwark Mark II. 50 Medium TL + 20 Medium Ion ist solide, aber keine Heavy Weapons und keine Torpedos. Langsamer (45 MGLT) und schlechter bewaffnet als sein Nachfolger, aber zuverlässig und in größeren Stückzahlen verfügbar."
Sabaoth Destroyer,"Zerstörer, unbekannter Hersteller, 600m, 250 Crew, 3.000 Passagiere, Klasse 3 Hyperraumantrieb, Klasse 18 Backup, 1.800 SBD, 780 RU, 75 MGLT","6 Capital Ship Turrets, 2 Light Turbolaser Batteries","11 Heavy Anti-Starfighter Laser Turrets, 3 Dual Heavy Point-Defense Cannons","max. 12 Sternenjäger, 12 Transport","35, (...)",250,Front/Oberseite,250,"Obskures Design mit unbekanntem Hersteller — vermutlich eine ältere Söldnerklasse, die von der CIS übernommen wurde. 6 Capital Ship Turrets sind solide, aber der Rest ist Anti-Jäger-fokussiert. Schnell (75 MGLT, Klasse 3 Hyperantrieb) — eher Aufklärer und Raider als Linienkämpfer."
▸ HEAVY CRUISERS,,,,,,,,,
Schiffsklasse,Grunddaten,Hauptbewaffnung,Sekundärbewaffnung,Hangar,Stationierung & Einsatz,Schaden bei opt. Feuerwinkel,Optimaler Feuerwinkel,Damage pro Schadensbericht,Notizen
DH-Omni-class Support Ship,"Unterstützungsschiff, Hoersch-Kessel Drive Inc., 908m, 12.000 Crew, 8.000 Passagiere + 100.000 deaktivierte Kampfdroiden, Klasse 4 Hyperraumantrieb, Klasse 16 Backup, 1.200 SBD, 680 RU, 45 MGLT",/,150 Dual Point-Defense Cannons,"max. 280 Sternenjäger, 10 C-9979 Landungsboote, 40 Transport, 60 schwere Fahrzeuge (30 MTT, 18 NR-N99 Persuader, 12 Octuptarra Magna Tri-Droid), 80 Medium Fahrzeuge (40 AAT, 24 IG-227 Hailfire, 16 OG-9 Homing Spider Droid), 100 Light/Support Fahrzeuge (40 STAP, 30 DSD1 Dwarf Spider Droid, 20 LM-432 Crab Droid, 10 PK Worker Droid)",150,25,Allseitig,25,"Reines Unterstützungsschiff ohne Primärbewaffnung. 150 Dual Point-Defense Cannons sind reine Selbstverteidigung. Trägt massive Mengen an Truppen, Fahrzeugen und Sternenjägern für Invasionen. Muss eskortiert werden."
Munificent C3-class Star Frigate,"Star Frigate, Hoersch-Kessel Drive Inc. / Gwori Rev. Industries, 825m, 1.100 Crew, 850 Truppen + 50.000 deaktivierte Kampfdroiden, Klasse 1 Hyperraumantrieb, Klasse 10 Backup, 1.400 SBD, 675 RU, 75 MGLT","2 Heavy Prow Turbolasers, 2 Heavy Prow Ion Cannons","26 Twin Light Turbolaser Cannons, 20 Medium Ion Cannon Turrets, 40 Light Laser Cannons, 8 Flak Guns, 4 Hyperwave Jamming Systems","max. 36 Sternenjäger, 8 Shuttles",1.500,325,Front/Unterseite,325,"Kommandoschiff-Variante des Munificent mit 4 Hyperwave Jamming Systems — kann feindliche Kommunikation und Sensoren stören. Die Heavy Prow-Waffen sind der Hauptpunch nach vorne, die 52 Light TL geben Breitseiten-Unterstützung. Im Verbund extrem wertvoll als Störer."
Munificent-class Star Frigate,"Star Frigate, Hoersch-Kessel Drive Inc. / Gwori Rev. Industries, 825m, 1.300 Crew, 850 Truppen + 150.000 deaktivierte Kampfdroiden, Klasse 1 Hyperraumantrieb, Klasse 10 Backup, 1.480 SBD, 750 RU, 75 MGLT","2 Heavy Prow Turbolasers, 2 Heavy Prow Ion Cannons","26 Twin Light Turbolaser Cannons, 20 Light Turbolaser Turrets, 38 Light Point-Defense Laser Cannons, 8 Flak Guns, 1 Hyperwave Jammer",max. 4 Shuttles,2.000,400,Front/Unterseite,400,Die bekannteste Munificent-Variante — auch als 'Banking Clan Frigate' bekannt. Stärkste konventionelle Bewaffnung der Munificent-Familie: 52 Twin Light TL + 20 Light TL Turrets + 4 Heavy Prow-Waffen. Das Rückgrat der Banking Clan-Flotte und häufige Sicht in CIS-Verbänden. Ikonisches Design mit den zwei charakteristischen Krallen.
Dreadnought-class Heavy Cruiser,"Schwerer Kreuzer, Rendili StarDrive, 600m, 16.180 Crew, 3.000 Passagiere, Klasse 2 Hyperraumantrieb, Klasse 12 Backup, 1.920 SBD, 1.056 RU, 13 MGLT","10 Medium Turbolaser Batteries, 20 Quad Light Turbolaser Cannons",20 Heavy Laser Cannons,max. 12 Sternenjäger,2.500,300,Front/Gleiche Ebene,300,"Uralter Dreadnought im Originalzustand — langsam (13 MGLT) und personalintensiv (16.180 Crew). Die CIS nutzt diese Schiffe als Sektor-Verteidigungsflotten und für Milizeinsätze. Gleiche Rolle wie bei der Republik: Masse statt Klasse, Lückenfüller."
Fantail-class Destroyer,"Zerstörer, Corporate Alliance Engineering, 600m, 420 Crew, 2.000 Passagiere + 10.000 deaktivierte Kampfdroiden, Klasse 2 Hyperraumantrieb, Klasse 12 Backup, 2.000 SBD, 800 RU, 70 MGLT","40 Medium Turbolaser Cannons, 15 Medium Ion Cannons","40 Point-Defense Cannons, 4 Medium Tractor Beam Projectors","max. 72 Sternenjäger, 12 Transport",400,350,Front/Breitseite,350,Corporate Alliance-Design mit fokussierter Medium-Bewaffnung. 40 Medium TL + 15 Medium Ion geben ordentliche Feuerkraft für einen 600m-Zerstörer. Nur 420 organische Crew — hochautomatisiert. Solide Jägerkapazität mit 72 Sternenjägern.
Fantail-class Ion Destroyer,"Ion-Zerstörer, Corporate Alliance Engineering, 600m, 420 Crew, 2.000 Passagiere + 10.000 deaktivierte Kampfdroiden, Klasse 2 Hyperraumantrieb, Klasse 12 Backup, 2.000 SBD, 800 RU, 70 MGLT","15 Heavy Ion Cannons, 40 Medium Ion Cannons","10 Point-Defense Ion Cannons, 40 Point-Defense Cannons, 4 Medium Tractor Beam Projectors, 8 Concussion Missile Launcher (15 Missiles pro Launcher)","max. 72 Sternenjäger, 12 Transport",300,300,Front/Breitseite,300,"Pro Aufschlagsrakete 3 Damage, Nachladezeit 40 sek. | Ion-spezialisierte Fantail-Variante — 15 Heavy Ions + 40 Medium Ions machen das Schiff zum dedizierten Schildkiller. Null Turbolaser, daher allein gegen ungeschützte Ziele zahnlos. Funktioniert perfekt im Verbund mit Fantail Destroyers: Ion-Variante reißt Schilde runter, normale Variante zerlegt die Rumpfpanzerung."
Auxilia-class Pursuit Destroyer,"Verfolgungs-Zerstörer, Free Dac Volunteer Engineer Corps, 500m, 90 Crew, 20 Passagiere + 500 deaktivierte Kampfdroiden, Klasse 2 Hyperraumantrieb, Klasse 12 Backup, 1.000 SBD, 400 RU, 85 MGLT","10 Dual Medium Turbolaser Turrets, 12 Medium Ion Cannons","10 Medium Turbolasers, 20 Point-Defense Cannons",/,600,250,Front/Oberseite,250,"Schnellstes CIS-Schiff seiner Klasse (85 MGLT) — die Rolle ist Verfolgung und Aufbringen feindlicher Schiffe. 20 MTL-Läufe + 12 Medium Ions für Schildbekämpfung. Minimale Crew (90) durch extreme Automatisierung. Wird in Rudeln eingesetzt, die sich auf einzelne Ziele stürzen."
Auxilia-class Anti-Fighter Destroyer,"Anti-Jäger Zerstörer, Free Dac Volunteer Engineer Corps, 500m, 90 Crew, 20 Passagiere + 500 deaktivierte Kampfdroiden, Klasse 2 Hyperraumantrieb, Klasse 12 Backup, 1.000 SBD, 400 RU, 85 MGLT",16 Medium Turbolasers,"12 Heavy Laser Cannons, 20 Laser Cannons, 12 Point-Defense Ion Cannons, 40 Point-Defense Cannons, 8 Concussion Missile Launcher (15 Missiles pro Launcher)",/,400,175,Allseitig,175,"Pro Aufschlagsrakete 3 Damage, Nachladezeit 40 sek. | Flak-Variante der Auxilia — 16 Medium TL sind der einzige Kapitalschiff-Biss, der Rest ist massive Jägerabwehr. 12 Heavy Laser + 20 Laser + 12 PD Ion + 40 PD baut eine dichte Flak-Blase. In Verbindung mit Pursuit Destroyern hocheffektiv gegen feindliche Verbände."
▸ CRUISERS,,,,,,,,,
Schiffsklasse,Grunddaten,Hauptbewaffnung,Sekundärbewaffnung,Hangar,Stationierung & Einsatz,Schaden bei opt. Feuerwinkel,Optimaler Feuerwinkel,Damage pro Schadensbericht,Notizen
Separatist Cruiser,"Kreuzer, Geonosian Foundries, 800m, 1.320 Crew, 2.000 Passagiere + 20.000 deaktivierte Kampfdroiden, Klasse 2 Hyperraumantrieb, Klasse 12 Backup, 1.650 SBD, 1.000 RU, 50 MGLT",15 Dual Medium Turbolaser Turrets,20 Laser Cannons,"max. 36 Sternenjäger, 12 Transport",700,225,Front/Oberseite,225,Geonosianisches Design — entsprechend eigenwillig in der Formgebung. 30 Medium TL-Läufe für 800m ist mittelmäßige Dichte. Trägt 20.000 Kampfdroiden plus 36 Sternenjäger. Taucht häufig in Geonosis-nahen Sektoren und bei Dooku-verbündeten Welten auf.
CoreShip,"CoreShip, Hoersch-Kessel Drive Inc., 696m, 60 organische + 3.000 Droiden-Crew + 200.000 Droiden-Wartungspersonal, 60.000 Passagiere + 5.000 deaktivierte Kampfdroiden, Klasse 3 Hyperraumantrieb, Klasse 18 Backup, 1.050 SBD, 100 RU, 30 MGLT","3 Medium Turbolasers, 48 Assault Laser Cannons",21 Quad Point-Defense Cannons,/,200 (Ohne Ring) ,125,Allseitig,125,"Kugelförmiges Modul-Design — dies ist das abnehmbare Kern-Segment, das aus einem Lucrehulk ausgekoppelt werden kann. Extrem niedrige Rumpfpanzerung (nur 100 RU!) und langsam (30 MGLT). 48 Assault Laser Cannons sind die einzige nennenswerte Bewaffnung. Hauptsächlich als schwimmendes Depot und Planetares Landungsmodul eingesetzt."
Munifex-class Light Cruiser,"Leichter Kreuzer, Kuat Drive Yards, 300m, 660 Crew, 200 Passagiere, Klasse 2 Hyperraumantrieb, Klasse 12 Backup, 750 SBD, 260 RU, 70 MGLT","28 Medium Turbolasers, 12 Medium Ion Cannons",/,max. 12 Sternenjäger,2.000,150,Front/Oberseite,150,"Alter KDY-Kreuzer aus der Zeit vor den Klonkriegen — viele wurden an CIS-Welten verkauft. 28 Medium TL + 12 Medium Ion ist solide Bewaffnung, aber ohne Heavy Weapons oder Point-Defense. Fehlende Jägerabwehr ist die größte Schwäche. Wird von CIS-Planeten als Systemverteidigung genutzt."
Captor-class Carrier,"Träger, Kuat Drive Yards, 300m, 620 Crew, 1.000 Passagiere, Klasse 2 Hyperraumantrieb, Klasse 8 Backup, 700 SBD, 220 RU, 80 MGLT",10 Medium Turbolaser Batteries,/,max. 180 Sternenjäger,700,75,Breitseite,75,180 Sternenjäger auf 300m ist absurde Jäger-Dichte — entsprechend minimal die Bewaffnung. 10 Medium TL Batteries sind reine Selbstverteidigung. Schnelles Schiff (80 MGLT) für Hit-and-Run-Jägerdeployments.
Captor-class Heavy Munitions Cruiser,"Schwerer Munitionskreuzer, Kuat Drive Yards, 300m, 120 Crew, 3.000 Passagiere, Klasse 2 Hyperraumantrieb, Klasse 8 Backup, 700 SBD, 220 RU, 85 MGLT",10 Medium Turbolaser Batteries,/,"max. 30 Sternenjäger, 3 C-9979 Landungsboote, 5 schwere Fahrzeuge (2 MTT, 2 NR-N99 Persuader, 1 Octuptarra Magna Tri-Droid), 10 Medium Fahrzeuge (5 AAT, 3 IG-227 Hailfire, 2 OG-9 Homing Spider Droid), 15 Light/Support Fahrzeuge (6 STAP, 4 DSD1 Dwarf Spider Droid, 3 LM-432 Crab Droid, 2 PK Worker Droid)",400,75,Breitseite,75,"Varianten-Refit des Captor mit reduziertem Hangar, dafür Munition und Fahrzeuge. Noch schneller (85 MGLT) — ein Versorgungsschiff mit ordentlichem Tempo. Trägt 3 C-9979 Landungsboote für Bodenoperationen. Immer eskortiert, nie allein unterwegs."
Diamond-class Cruiser,"Kreuzer, Commerce Guild, 200m, 148 Crew, 45 Passagiere, Klasse 0.75 Hyperraumantrieb, Klasse 8 Backup, 500 SBD, 180 RU, 80 MGLT",2 Dual Laser Cannons,/,"max. 600 OG-9 Homing Spider Droids, 2.400 DSD1 Dwarf Spider Droids",600,10,Front,10,"Commerce Guild-Design zum Transport der Spider Droids. Nur 2 Dual Laser Cannons — dieses Schiff ist kein Kämpfer, sondern ein Spinnenkäfig. 600 Homing Spider Droids plus 2.400 Dwarf Spider Droids ergeben eine ganze mechanisierte Armee. Extrem schneller Hyperantrieb (Klasse 0.75) für strategische Mobilität."
▸ FRIGATES,,,,,,,,,
Schiffsklasse,Grunddaten,Hauptbewaffnung,Sekundärbewaffnung,Hangar,Stationierung & Einsatz,Schaden bei opt. Feuerwinkel,Optimaler Feuerwinkel,Damage pro Schadensbericht,Notizen
Wavecrest-class Frigate,"Fregatte, Givin of Yag'Dhul, 300m, 65 Crew, 30 Passagiere, Klasse 2 Hyperraumantrieb, Klasse 12 Backup, 600 SBD, 250 RU, 80 MGLT",12 Dual Turbolaser Cannons,"24 Laser Cannons, 6 Proton Torpedo Tubes (18 Torpedos pro Tube)","max. 12 Sternenjäger, 3 Shuttles","400, (...)",115,Breitseite,115,"Pro Protontorpedo 12 Damage, Nachladezeit 20 sek. | Givin-Design von Yag'Dhul — 24 Turbolaser-Läufe für 300m ist ordentliche Dichte. Minimal-Crew (nur 65) durch Givin-Effizienz. Die Givin sind zwar offiziell neutral, aber viele ihrer Schiffe kämpfen auf CIS-Seite. Solide Fregatte mit ausgewogener Bewaffnung. Pro Torpedo 8 Damage, Nachladezeit 20 sek."
Sabaoth Frigate,"Fregatte, unbekannter Hersteller, 275m, 500 Crew, Klasse 3 Hyperraumantrieb, Klasse 18 Backup, 500 SBD, 180 RU, 80 MGLT",4 Heavy Laser Cannons,2 Tractor Beams,/,"50, (...)",40,Front/Oberseite,40,"Obskures Söldner-Design mit unbekanntem Hersteller — vermutlich ältere Piraten- oder Separatisten-Streitkräfte. Nur 4 Heavy Laser Cannons sind absurd wenig für 275m. Der eigentliche Wert liegt in der Geschwindigkeit und dem exzellenten Backup-Hyperantrieb (Klasse 18), ideal für Flucht und lange Verfolgungen."
Lupus-class Missile Frigate,"Raketenfregatte, Free Dac Volunteer Engineering Corps, 255m, 300 Crew, 30 Passagiere, Klasse 2 Hyperraumantrieb, Klasse 12 Backup, 460 SBD, 160 RU, 70 MGLT","4 Medium Turbolasers, 12 Light Turbolasers","2 Quad Laser Cannons, 6 Point-Defense Cannons, 2 AD-11F Missile Launch Systems, 2 Heavy Concussion Missile Tubes pro System (18 Missiles pro Tube), 6 Concussion Missile Tubes pro System (18 Missiles pro Tube)",/,"800, (...)",75,Front/Breitseite,75,"Pro schwerer Aufschlagsrakete 9 Damage, Nachladezeit 50 sek. Pro Aufschlagsrakete 3 Damage, Nachladezeit 40 sek. | Raketen-spezialisierte Fregatte — 4 Medium TL + 12 Light TL sind konventionell schwach, aber das AD-11F System mit insgesamt 144 schweren und normalen Missiles liefert massiven Alpha-Strike. Klein, schnell, effektiv in Staffeln. CIS-Äquivalent zur corellianischen DP-20, aber raketen-fokussierter."
▸ CORVETTES,,,,,,,,,
Schiffsklasse,Grunddaten,Hauptbewaffnung,Sekundärbewaffnung,Hangar,Stationierung & Einsatz,Schaden bei opt. Feuerwinkel,Optimaler Feuerwinkel,Damage pro Schadensbericht,Notizen
Umbaran Support Ship,"Unterstützungsschiff, Umbaran Engineering, 300m, 150 Crew, 100 Passagiere, Klasse 1 Hyperraumantrieb, Klasse 8 Backup, 450 SBD, 150 RU, 90 MGLT",25 Dual Laser Cannons,/,/,"200, (...)",40,Breitseite,40,"Umbaranisches Design — schnell (90 MGLT) und wendig. 25 Dual Laser Cannons sind nur laser-Klasse, null Turbolaser. Das Schiff setzt auf Geschwindigkeit und umbaranische Geheimtechnologie statt reiner Feuerkraft. Nach der Schlacht von Umbara in geringeren Zahlen im Einsatz."
Hardcell-class Interstellar Transport,"Transport, Techno Union, 220m, 190 Crew, 1.017 Passagiere, Klasse 1 Hyperraumantrieb, Klasse 8 Backup, 200 SBD, 50 RU, 40 MGLT","2 Dual Laser Cannon Turrets, 3 Laser Cannons",1 Assault Concussion Missile Tube (6 Missiles pro Tube),"max. 650 Hailfire-Droids ODER 100 schwere/medium Fahrzeuge (z.B. MTT, NR-N99 Persuader, AAT, OG-9 Spider Droid)","3.000, (...)",10,Allseitig,10,"Pro Assault-Aufschlagsrakete 5 Damage, Nachladezeit 20 sek. | Techno-Union-Transporter — das ist kein Kampfschiff, sondern ein fliegender Stahlzylinder für Truppen und Fahrzeuge. Die Trennung in Segmente erlaubt Orbital-Drops. Bewaffnung minimal (5 Laser-Läufe auf 220m!). Trägt 650 Hailfire Droids — eine ganze Raketen-Armee. Massenhaft produziert."
Geonosian Corvette,"Korvette, Geonosian Foundries, 200m, 50 Crew, 300 Droiden, Klasse 2 Hyperraumantrieb, Klasse 12 Backup, 700 SBD, 300 RU, 90 MGLT",10 Laser Cannons,10 Dual Point-Defense Cannons,max. 6 Droid Fighter,"800, (...)",15,Breitseite,15,"Geonosianisches Design mit charakteristischen Insektenmotiven. Schnell (90 MGLT), gut gepanzert (700 SBD / 300 RU), aber minimale Feuerkraft (nur Laser Cannons). Primär ein Truppentransporter für Geonosische Krieger und 300 deaktivierte Droiden."
Commerce Guild Corvette,"Korvette, Commerce Guild, 80m, 120 Crew, 600 Passagiere, Klasse 1 Hyperraumantrieb, Klasse 8 Backup, 400 SBD, 175 RU, 85 MGLT",1 Point-Defense Ion Cannon,"8 Point-Defense Cannons, 2 Heavy Concussion Missile Launcher (10 Missiles pro Launcher)","max. 6 Sternenjäger, 1 C-9979 Landungsboot","1.500, (...)",5,Allseitig,5,"Pro schwerer Aufschlagsrakete 9 Damage, Nachladezeit 50 sek. | Commerce Guild-Eskorte für Handelskonvois — praktisch waffenlos (nur 1 Ion + 8 PD). Das Ding existiert, um auf den Handelsrouten der Commerce Guild Präsenz zu zeigen, nicht um zu kämpfen. Trägt überraschenderweise 6 Sternenjäger und sogar ein C-9979 Landungsboot — vermutlich um 'Kundenprobleme' zu lösen."
C-ROC Gozanti-class Cruiser,"Kreuzer, Corellian Engineering Corporation, 73m, 12 Crew, 20 Passagiere, Klasse 3 Hyperraumantrieb, Klasse 12 Backup, 180 SBD, 100 RU, 80 MGLT","2 Quad Laser Turrets, 4 Twin Heavy Laser Cannons",/,"max. 4 Sternenjäger, 1 schweres (z.B. MTT oder NR-N99 Persuader) ODER 2 medium (z.B. AAT oder IG-227 Hailfire) ODER 4 leichte Fahrzeuge (z.B. STAP oder DSD1 Dwarf Spider Droid)","4.000, (...)",20,Front/Oberseite,20,"CEC-Design, das häufig bei Piraten und Söldnern zu finden ist — viele davon wurden von CIS-Vertretern angeheuert. 8 Quad Laser + 4 Twin Heavy Laser gibt ordentlichen Biss für 73m. 4 Sternenjäger und Fahrzeugkapazität machen es zum vielseitigen Raiderschiff."
C-ROC Gozanti-class Cruiser w/ Corsair Refit,"Kreuzer (Corsair-Refit), Corellian Engineering Corporation, 73m, 12 Crew, 20 Passagiere, Klasse 3 Hyperraumantrieb, Klasse 12 Backup, 180 SBD, 100 RU, 80 MGLT","2 Medium Turbolasers, 4 Quad Laser Cannons, 8 Dual Heavy Laser Cannons","12 Laser Cannons, 12 Point-Defense Cannons","max. 4 Sternenjäger, 1 schweres (z.B. MTT oder NR-N99 Persuader) ODER 2 medium (z.B. AAT oder IG-227 Hailfire) ODER 4 leichte Fahrzeuge (z.B. STAP oder DSD1 Dwarf Spider Droid)","300, (...)",40,Front/Oberseite,40,"Corsair-Refit-Variante mit massiv aufgerüsteter Bewaffnung — 2 Medium TL + 4 Quad Laser + 8 Dual Heavy Laser. Doppelte Feuerkraft gegenüber der Standard-Version. Typisch für erfolgreiche Piraten-Syndikate, die ihre Gozantis hochrüsten. Selten gesehen, gefährlich wenn angetroffen."
▸ FREIGHTERS,,,,,,,,,
Schiffsklasse,Grunddaten,Hauptbewaffnung,Sekundärbewaffnung,Hangar,Stationierung & Einsatz,Schaden bei opt. Feuerwinkel,Optimaler Feuerwinkel,Damage pro Schadensbericht,Notizen
Trident-class Assault Ship,"Angriffsschiff, Colicoid Creation Nest, 88,71m, 4 Crew, 12 Aqua Droids ODER 20 B1s, Klasse 2 Hyperraumantrieb, 110 SBD, 75 RU, 40 MGLT",/,8 Laser Cannons,/,"3.000, (...)","7,5",Allseitig,"7,5","Colicoid-Design mit vier charakteristischen Klauen — kann sich an Raumschiffen und unter Wasser an Unterwasser-Anlagen festkrallen. 8 Laser Cannons sind minimal. Der wahre Wert ist die Fähigkeit, sich irgendwo anzuhaken und Truppen reinzupumpen. Amphibische Einsätze und Entermanöver."
,,,,,,,,,
▸ GUNSHIPS & TRANSPORTS,,,,,,,,,
Schiffsklasse,Grunddaten,Hauptbewaffnung,Sekundärbewaffnung,Hangar,Stationierung & Einsatz,Schaden bei opt. Feuerwinkel,Optimaler Feuerwinkel,Damage pro Schadensbericht,Notizen
C-9980 Landing Craft,"Landungsschiff, Haor Chall Engineering, 370m, 88 Crew, 2.500 Passagiere, Klasse 15 Hyperraumantrieb, kein Schild, 350 RU, 30 MGLT",4 Laser Cannons,4 Turret-Mounted Cannons,"max. 28 leichte Fahrzeuge (11 STAP, 8 DSD1 Dwarf Spider Droid, 6 LM-432 Crab Droid, 3 PK Worker Droid), 114 Medium Fahrzeuge (57 AAT, 34 IG-227 Hailfire, 23 OG-9 Homing Spider Droid), 11 schwere Fahrzeuge (6 MTT, 3 NR-N99 Persuader, 2 Octuptarra Magna Tri-Droid)","5.000, (...)",20,Allseitig,20,"Modifizierte C-9979-Variante mit höherer Fahrzeugkapazität — designed für massive Bodeninvasionen. Kein Schild (!), nur dicke Rumpfpanzerung (350 RU). Träge (30 MGLT) und waffentechnisch minimal — ein reiner Truppentransporter, der von anderen Schiffen eskortiert werden muss."
C-9979 Landing Craft,"Landungsschiff, Haor Chall Engineering, 370m, 88 Crew, 124 Passagiere + 4.688 B1-Droiden, Klasse 15 Hyperraumantrieb, kein Schild, 350 RU, 30 MGLT",4 Laser Cannons,4 Turret-Mounted Cannons,"max. 28 leichte Fahrzeuge (11 STAP, 8 DSD1 Dwarf Spider Droid, 6 LM-432 Crab Droid, 3 PK Worker Droid), 100 Medium Fahrzeuge (50 AAT, 30 IG-227 Hailfire, 20 OG-9 Homing Spider Droid), 8 schwere Fahrzeuge (4 MTT, 2 NR-N99 Persuader, 2 Octuptarra Magna Tri-Droid)","6.000, (...)",20,Allseitig,20,"Das ikonische CIS-Landungsschiff aus 'Die dunkle Bedrohung' — trägt die ikonischen MTTs und AATs sowie 4.688 B1-Kampfdroiden. Flügelförmiges Design für atmosphärische Gleitfähigkeit. Schwach bewaffnet, aber zählbar für das Wahrzeichen jeder CIS-Invasion. Muss sicher eskortiert werden."
C-9979 Carrier,"Träger-Variante, Haor Chall Engineering, 370m, 88 Crew, 124 Passagiere, Klasse 2 Hyperraumantrieb, kein Schild, 350 RU, 30 MGLT",4 Laser Cannons,4 Turret-Mounted Cannons,max. 144 Sternenjäger,"1.500, (...)",20,Allseitig,20,"Trägervariante des C-9979 mit Klasse 2 Hyperantrieb (statt Klasse 15) — kann eigenständig fliegen. 144 Sternenjäger statt Bodenfahrzeuge. Wird häufig genutzt, um Vulture Droids zu Systemen zu bringen, die kein Lucrehulk benötigen. Flexible Alternative zum großen Lucrehulk-Träger."
Maxillipede Shuttle,"Shuttle, Haor Chall Engineering, 24m, 2 Crew, 10 Passagiere, Klasse 1 Hyperraumantrieb, kein Schild, 60 RU, 80 MGLT",3 Laser Cannons,/,/,"12.000, (...)","2,5",Front,"2,5","Insektoides Design — typisch Haor Chall. 3 Laser Cannons sind reine Selbstverteidigung. Hauptzweck: Personalverkehr für CIS-Offiziere und Techniker. Wird überall in der CIS eingesetzt, wo Menschen (oder Neimoidianer) von A nach B müssen."
Shekelesh-class Freight Gunship,"Frachtgunship, Techno Union, 21,15m, 8 Crew, 12 Passagiere, Klasse 1 Hyperraumantrieb, kein Schild, 45 RU, 75 MGLT",4 Laser Cannons,/,/,"8.000, (...)","3,5",Front/Breitseite,"3,5","Techno-Union-Frachtgunship — eine Mischung aus Transporter und Gunship. 4 Laser Cannons geben etwas Biss, aber primär ein Frachtschiff mit Bewaffnung. Häufig bei Techno-Union-Operationen und als bewaffnete Eskorte für wichtige Lieferungen."
Sheathipede-class Transport Shuttle,"Transport-Shuttle, Haor Chall Engineering, 20m, 2 Crew, 10 Passagiere, Klasse 1 Hyperraumantrieb, kein Schild, 50 RU, 75 MGLT",3 Laser Cannons,/,/,"15.000, (...)","2,5",Front,"2,5","Das ikonische Neimoidianer-Shuttle mit seinem charakteristischen Hals und den spreizbaren Landebeinen. Wird von Handelsförderations-Offizieren und Neimoidianischen Würdenträgern bevorzugt genutzt. Minimale Bewaffnung — Diplomaten und Bürokraten fliegen, keine Kämpfer."
Droch-class Boarding Ship,"Enterschiff, Creation Nest, 18,51m, 1 Crew, 6 Passagiere, kein Hyperantrieb, kein Schild, 40 RU, 50 MGLT",4 Twin Light Laser Cannons,/,/,"6.000, (...)","2,5",Front,"2,5","Colicoid-Enterschiff — organisch-insektoides Design mit der Fähigkeit, sich an feindliche Hüllen anzuhaken und durchzubohren. 4 Twin Light Laser sind nur beim Anflug relevant. Trägt 6 Enterkommando-Mitglieder (oder Colicoid-Elite-Krieger). Einwegwerkzeug für präzise Entermanöver."
▸ FIGHTERCRAFT,,,,,,,,,
Schiffsklasse,Grunddaten,Hauptbewaffnung,Sekundärbewaffnung,Hangar,Stationierung & Einsatz,Schaden bei opt. Feuerwinkel,Optimaler Feuerwinkel,Damage pro Schadensbericht,Notizen
Ginivex-class Starfighter,"Sternenjäger, Huppla Pasa Tisc Shipwrights Collective, 13,05m, 1 Crew, Klasse 1 Hyperraumantrieb, 50 SBD, 15 RU, 105 MGLT, 100 DPF",2 Double Laser Cannons,/,/,"500, (...)",2,Front,2,"Das ikonische organische Design der Geonosianer — Asajj Ventress' bevorzugter Jäger. 2 Double Laser Cannons, hohe Geschwindigkeit (105 MGLT), exzellente Wendigkeit (100 DPF). Seltener Jäger, meist von hochrangigen CIS-Offizieren oder Sith-Schülern geflogen. Kein Massenprodukt."
Rogue-class Porax-38 StarFighter,"Sternenjäger, Baktoid Armor Workshop, 12,7m, 1 Crew + 1 kleiner Droide, Klasse 2 Hyperraumantrieb, 40 SBD, 22 RU, 100 MGLT, 101 DPF",2 Heavy Laser Cannons,/,/,"7.000, (...)","2,5",Front,"2,5","Eine der wenigen organisch geflogenen CIS-Jäger — für menschliche und nicht-droidische Piloten. 2 Heavy Laser Cannons geben ihm mehr Biss als die Droiden-Jäger. Gute Wendigkeit (101 DPF). Wird von CIS-Mercenarien und lebenden Piloten bevorzugt, die keinen Droidensteuerung vertrauen."
HMP Droid Gunship,"Droid Gunship, Baktoid Fleet Ordnance / Haor Chall Engineering, 12,3m, 12 B2/BX Droiden, kein Hyperantrieb, 35 SBD, 50 RU, 50 MGLT",2 Twin Medium Laser Cannons,"1 Medium Laser Cannon, 2 Light Laser Cannons, 2 Payload Launcher (7 Missiles pro Launcher)",/,"40.000, (...)",6,Front,6,"Pro Aufschlagsrakete 3 Damage, Nachladezeit 40 sek. | Droiden-gesteuertes Gunship — kein organischer Pilot, nur 12 B2 oder BX Droiden an Bord zum Ausladen. 2 Twin Medium Laser + 1 Medium + 2 Light Laser plus 14 Missiles gibt ordentlich Biss für 12,3m. Das CIS-Gegenstück zur LAAT. Massenhaft produziert, Verbrauchsmaterial."
Hyena-class Bomber,"Bomber, Baktoid Armor Workshop, 12,48m, droidengesteuert, kein Hyperantrieb (nur mit Träger), 20 RU, 80 MGLT (ohne Nutzlast) / 60 MGLT (mit Nutzlast), 64 DPF",1 Quad Light Laser Cannons,"2 Missile Launcher (6 Missiles pro Launcher), 1 Bomb Chute (8 Proton Bombs)",/,"75.000, (...)","1,5",Front,"1,5","Pro Aufschlagsrakete 3 Damage, Nachladezeit 40 sek. Pro Proton-Bombe 20 Damage, Nachladezeit 20 sek. | Droiden-Bomber der CIS — basiert auf dem Vulture Droid-Grundchassis, aber größer und mit Bombenkapazität. 1 Quad Light Laser ist minimalste Selbstverteidigung. Der wahre Punch sind die 12 Missiles und 8 Proton Bombs. Massenhaft produziert, Verbrauchsmaterial für Bombenangriffe. Pro Protonenbombe 15 Damage, Nachladezeit 50 sek."
Tempest Zero Starfighter,"Sternenjäger, Valahari Shipwrights, 12m, 1 Crew, Klasse 2 Hyperraumantrieb, 55 SBD, 25 RU, 125 MGLT, 95 DPF",4 Laser Cannons,"1 Harpoon Gun (durchdringt Schilde), 1 Missile Launcher (3 Missiles)",/,"200, (...)","2,5",Front,"2,5","Pro Aufschlagsrakete 3 Damage, Nachladezeit 40 sek. | Valahari-Spezialdesign — 125 MGLT ist extrem schnell, auf Eta-2-Niveau. Die Harpoon Gun kann Schilde durchdringen, was in Jäger-gegen-Kapitalschiff-Gefechten enormen Wert hat. 4 Laser Cannons plus Harpoon plus Missiles macht ihn vielseitig. Selten, meist bei Eliteeinheiten."
Mankvim-814 Light Interceptor,"Leichter Interceptor, Feethan Ottraw Scalable Assemblies, 10,7m, 1 Crew, kein Hyperantrieb, 35 SBD, 18 RU, 105 MGLT, 102 DPF",2 Light Laser Cannons,/,/,"20.000, (...)","1,5",Front,"1,5","Leichter, billiger Interceptor — CIS-Antwort auf den V-Wing. Schnell (105 MGLT), wendig (102 DPF), aber schwach bewaffnet (nur 2 Light Laser). Kein Hyperantrieb — reiner Träger-Jäger. Massenhaft produziert bei mittleren CIS-Werften. Solide Kanonenfutter."
Zenuas 33 Umbaran Starfighter,"Sternenjäger, Umbara Shipwrights, 10,38m, 1 Crew, kein Hyperantrieb, 20 SBD (Ray Shield Cockpit), 30 RU, 100 MGLT, 101 DPF",2 Plasma Cannons,2 Missile Pods (3 Missiles pro Pod),/,"3.000, (...)","2,5",Front,"2,5","Pro Aufschlagsrakete 3 Damage, Nachladezeit 40 sek. | Umbaranisches Design mit charakteristischen energiegepulsten Plasma Cannons — stärker als normale Laser. Der Ray Shield Cockpit schützt den Piloten direkt vor gerichteter Energie. Seltene, teure Maschine, nur bei umbaranischen Kontingenten zu finden. Nach der Schlacht von Umbara in reduzierten Zahlen. Nachladezeit"
Nantex-class Territorial Defense StarFighter,"Territorialverteidigungs-Jäger, Huppla Pasa Tisc Shipwrights Collective, 9,8m, 1 Crew, kein Hyperantrieb, kein Schild, 25 RU, 110 MGLT, 105 DPF",1 Laser Cannon Turret,/,/,"500, (...)","1,5",Allseitig,"1,5","Rein geonosianischer Jäger — nur Geonosianer können ihn fliegen wegen der speziellen Steuerung über Insektenfühler-Rezeptoren. 1 Laser Cannon Turret ist 360°-drehbar, ungewöhnlich für einen Jäger. Höchste Wendigkeit (105 DPF) aller Jäger. Selten außerhalb von Geonosis."
Amphibious Fighter,"Amphibischer Jäger, Mon Calamari Shipyards, 8,5m, 1 Crew, kein Hyperantrieb, kein Schild, 20 RU, 105 MGLT, 94 DPF",3 Laser Cannons,/,/,"800, (...)","1,5",Front,"1,5","Mon Calamari-Design, von den Quarren für CIS gebaut (die Quarren stehen auf CIS-Seite, die Mon Cals auf Republik-Seite). Kann in Atmosphäre, Weltraum und unter Wasser operieren — seltene Mehrzweckfähigkeit. Bewaffnung minimal, aber vielseitig einsetzbar."
Belbullab-22 StarFighter,"Sternenjäger, Feethan Ottraw Scalable Assemblies, 6,71m, 1 Crew, Klasse 6 Hyperraumantrieb, Klasse 15 Backup, 35 SBD, 30 RU, 105 MGLT, 92 DPF",2 Triple Laser Cannons,/,/,"100, (...)","2,5",Front,"2,5","General Grievous' persönlicher Jäger — das 'Soulless One' gehört zu dieser Klasse. 2 Triple Laser Cannons (6 Läufe) geben ordentlichen Biss. Eigener Hyperantrieb (obwohl Klasse 6, also langsam). Beliebt bei hochrangigen CIS-Offizieren und Söldner-Assen. Prestige-Objekt, kein Massenprodukt."
Belbullab-24 Strike Bomber,"Strike-Bomber, Feethan Ottraw Scalable Assemblies, 6,71m, 1 Crew, Klasse 6 Hyperraumantrieb, Klasse 15 Backup, kein Schild, 30 RU, 80 MGLT (ohne Nutzlast) / 55 MGLT (mit Nutzlast), 55 DPF",2 Triple Laser Cannons,"2 Concussion Missile Launcher (6 Missiles pro Launcher), 1 Bomber Chute (12 Proton Bombs)",/,"1,500, (...)","2,5",Front,"2,5","Pro Aufschlagsrakete 3 Damage, Nachladezeit 40 sek. Pro Proton-Bombe 20 Damage, Nachladezeit 20 sek. | Bomber-Variante der Belbullab — gleiche Hauptbewaffnung wie die 22, aber mit Bomben- und Missile-Kapazität statt Schilden. Trägt 12 Proton Bombs und 12 Missiles für Bombing Runs. Langsamer und weniger wendig als der 22er, aber mit mehr Punch. Nachladezeit. Pro Protonenbombe 15 Damage, 50 sek Nachladezeit"
Droid Tri Fighter,"Droid-Jäger, Colla Designs / Phlac-Arphocc Automata Industries, 5,4m, droidengesteuert, kein Hyperantrieb, kein Schild, 35 RU, 125 MGLT, 104 DPF",1 Heavy Laser,"3 Light Laser Cannons, 2 Missile Launcher (3 Concussion ODER 3 Discord Missiles pro Launcher)",/,"55.000, (...)",2,Front,2,"Pro Aufschlagsrakete 3 Damage, Nachladezeit 40 sek. | Verbesserter Nachfolger des Vulture Droid — dreibeinige Bauweise, 125 MGLT (eine der schnellsten Jäger der Galaxis), 104 DPF. 1 Heavy Laser + 3 Light Laser gibt mehr Biss als der Vulture. Die Discord Missiles sind Buzz Droids — kleine Sabotagedroiden, die auf gegnerische Schiffe losgelassen werden. Gefürchteter Jäger-Killer. Nachladezeit."
Droid Missile Fighter,"Missile-Fighter, Colla Designs / Phlac-Arphocc Automata Industries, 5,4m, droidengesteuert, kein Hyperantrieb, kein Schild, 30 RU, 115 MGLT, 85 DPF",3 Light Laser Cannons,4 Missile Launcher (3 Concussion ODER 3 Proton Missiles pro Launcher),/,"30.000, (...)","1,5",Front,"1,5","Pro Aufschlagsrakete 3 Damage, Nachladezeit 40 sek. Pro Protontorpedo 12 Damage, Nachladezeit 20 sek. | Raketen-Spezialist unter den Droiden-Jägern — 4 Missile Launcher mit insgesamt 12 Proton oder Concussion Missiles. Schwächere Laser (nur 3 Light), aber der Raketen-Punch kompensiert. Wird in Schwärmen eingesetzt, die koordinierte Salven abfeuern. Tödlich in Masse. Nachladezeit. Pro Protonenbombe 15 Damage, 50 sek Nachladezeit"
Vulture Droid Starfighter,"Droid-Jäger, Haor Chall Engineering / Baktoid Armor Workshop, 3,6m, droidengesteuert, kein Hyperantrieb, kein Schild, 10 RU, 100 MGLT, 100 DPF",6 Blaster Cannons,4 Missile Launcher (2 Concussion ODER 4 Discord Missiles pro Launcher),/,"800.000, (...)","1,5",Front,"1,5","Pro Aufschlagsrakete 3 Damage, Nachladezeit 40 sek. | DER ikonische Droiden-Jäger der CIS — überall in jedem Gefecht zu sehen. Klein (3,6m), keine Schilde, nur 10 RU, aber 6 Blaster Cannons und 4 Missile Launcher pro Einheit. Die Stärke liegt in der Masse: Lucrehulks tragen 1.500 Stück, und sie werden immer in Schwärmen eingesetzt. Verbrauchsmaterial im absolutesten Sinne — ersetzbar wie Munition. Die schiere Zahl macht sie gefährlich."