⚔ GALAKTISCHE REPUBLIK,,,,,,,,,
Die Galaxis im Krieg - 20 BBY  |  Flottenübersicht,,,,,,,,,
,,,,,,,,,
▸ STAR DREADNOUGHTS,,,,,,,,,
Schiffsklasse,Grunddaten,Hauptbewaffnung,Sekundärbewaffnung,Hangar,Stationierung & Einsatz,Schaden bei opt. Feuerwinkel,Optimaler Feuerwinkel,Damage pro Schadensbericht,Notizen
Mandator II-class Star Dreadnought," Dreadnought, Kuat Drive Yards, 8,000m, 130,350 Crew, 14,500 Passagiere, Klasse 2 Hyperraumantrieb, Klasse 8 Backup, 20,000 SBD, 15,000 RU, 25 MGLT","60 Quad Turbolaser Turrets, 150 Heavy Turbolaser Batteries, 150 Heavy Ion Cannon Batteries","200 Medium Turbolaser Batteries, 200 Medium Ion Cannon Batteries, 200 Point defense Cannon Batteries, 30 Concussion Missile Launchers ( Jeder Launcher 6 Missiles ) ","max. 144 Sternenjäger, 24 Transport, 50 schwere Fahrzeuge (25 AT-TE, 10 HAVw A6 Juggernaut, 10 AT-OT, 5 SPHA-T), 100 medium Fahrzeuge (45 TX-130 Saber-Tank, 30 AT-AP, 25 RX-200 Falchion), 200 Light/Support Fahrzeuge (80 AT-RT, 60 BARC Speeder, 30 UT-AT, 20 Infantry Support Platform, 10 Freeco Speeder)","Kuat, Azure, 2 Stück",4000,Front/Oberseite,4000,"Pro Aufschlagsrakete 3 Damage, Nachladezeit 40 sek. | Flaggschiff der Republik-Flotte. Der Mandator II ist ein Linienbrecher, dessen schiere Feuerkraft ganze Flottenverbände abschreckt. Nur zwei Exemplare existieren - jedes einzelne ein strategisches Asset auf höchster Ebene. Beide Schiffe wurden von einem Mandator I geupgradet. Nachladezeit"
Mandator I-class Star Dreadnought,"Dreadnought, Kuat Drive Yards, 8,000m, 120,350 Crew, 15,000 Passagiere, Klasse 4 Hyperraumantrieb, Klasse 15 Backup, 14,000 SBD, 13,000 RU, 30 MGLT","50 Quad Heavy Turbolaser Turrets, 80 Twin Heavy Turbolaser Turrets"," 60 Medium Turbolaser Batteries, 90 Medium Ion Cannon Batteries, 240 Point Defense Cannon Batteries, 30 Assault Concussion Missile Launchers ( Pro Launcher 6 )","max. 144 Sternenjäger, 12 Transport, 25 schwere Fahrzeuge (12 AT-TE, 5 HAVw A6 Juggernaut, 5 AT-OT, 3 SPHA-T), 50 Medium Fahrzeuge (22 TX-130 Saber-Tank, 15 AT-AP, 13 RX-200 Falchion), 75 Light/Support Fahrzeuge (30 AT-RT, 22 BARC Speeder, 11 UT-AT, 8 Infantry Support Platform, 4 Freeco Speeder)"," Kuat, Humbarine (...), 6 Stück",2500,Front/Oberseite,2500,"Pro Assault-Aufschlagsrakete 5 Damage, Nachladezeit 20 sek. | Vorgänger des Mandator II mit schwereren Einzelwaffen, aber geringerer Gesamtfeuerkraft. Die Quad Heavy Turbolaser kompensieren teilweise die fehlende Ion-Kapazität. Sechs Stück dienen als Sektorflagschiffe, 2 darunter bei Kuat. Nachladezeit"
,,,,,,,,,
,,,,,,,,,
▸ BATTLECRUISERS,,,,,,,,,
Schiffsklasse,Grunddaten,Hauptbewaffnung,Sekundärbewaffnung,Hangar,Stationierung & Einsatz,Schaden bei opt. Feuerwinkel,Optimaler Feuerwinkel,Damage pro Schadensbericht,Notizen
Praetor Mark I-class Battlecruiser,"Schlachtkreuzer, Kuat Drive Yards, 4,000m, 100,600 Crew, 12,800 Passagiere, Klasse 4 Hyperraumantrieb, Klasse 15 Backup, 13,000 SBD, 9,000 RU, 50 MGLT","20 Quad Heavy Turbolaser Turrets, 20 Twin Heavy Turbolaser Turrets","40 Medium Turbolaser Batteries, 40 Medium Ion Cannon Batteries, 80 Point Defense Cannon Batteries","max. 120 Sternenjäger, 72 Transport, 20 schwere Fahrzeuge (10 AT-TE, 4 HAVw A6 Juggernaut, 4 AT-OT, 2 SPHA-T), 20 Medium Fahrzeuge (9 TX-130 Saber-Tank, 6 AT-AP, 5 RX-200 Falchion), 40 Light/Support Fahrzeuge (16 AT-RT, 12 BARC Speeder, 6 UT-AT, 4 Infantry Support Platform, 2 Freeco Speeder)","8, (...)",1000,Front/Oberseite,1000,"Schwerer Allrounder-Schlachtkreuzer mit solider Bewaffnung und großem Hangar. Der Praetor dient als Flaggschiff für Sektorflotten, die keinen Mandator zugeteilt bekommen."
Maelstrom-class Battlecruiser,"Schlachtkreuzer, Kuat Drive Yards, 3,100m, 45,000 Crew, 15,000 Passagiere, Klasse 3 Hyperraumantrieb, Klasse 15 Backup, 7,320 SBD, 9,000 RU, 50 MGLT","20 Battleship Ion Cannons, 10 DBY-827 Twin Heavy Turbolaser Turrets, 30 Heavy Turbolaser Batteries, 30 Heavy Ion Cannon Batteries"," 10 Point-Defense Ion Cannons, 30 Point-Defense Cannons, 10 Heavy Tractor Beam Projectors, 20 Medium Tractor Beam Projectors, 10 Quad Assault Concussion Missile ( 6 Pro Launcher ), 30 Proton Torpedo Launcher ( 8 Torpedo pro Launcher )","max. 96 Sternenjäger, 48 Transport, 15 schwere Fahrzeuge (8 AT-TE, 3 HAVw A6 Juggernaut, 3 AT-OT, 1 SPHA-T), 20 Medium Fahrzeuge (9 TX-130 Saber-Tank, 6 AT-AP, 5 RX-200 Falchion), 35 Light/Support Fahrzeuge (14 AT-RT, 10 BARC Speeder, 5 UT-AT, 4 Infantry Support Platform, 2 Freeco Speeder)","12, (...)",1250,Front/Oberseite,1250,"Pro Assault-Aufschlagsrakete 5 Damage, Nachladezeit 20 sek. Pro Protontorpedo 12 Damage, Nachladezeit 20 sek. | Spezialisierter Schiffsknacker mit 20 Battleship Ion Cannons als Kernwaffe. Der Maelstrom reißt feindliche Schilde herunter und nutzt seine massive Torpedo/Raketen-Kapazität für den Todesstoß. Die 30 Traktorstrahlen halten Ziele in der Kill-Zone ( Nur bis 1km). Nachladezeit. Pro Torpedo 8 Damage, 20 sek. Nachladezeit"
Procurator-class Star Battlecruiser,"Sternenzerstörer, Kuat Drive Yards, 2,500m, 48,400 Crew, 6,000 Passagiere, Klasse 4 Hyperraumantrieb, Klasse 10 Backup, 6,720 SBD, 2,640 RU, 40 MGLT"," 12 Dual Medium Turbolaser Turrets, 6 Dual Medium Ion Cannon Turrets","50 Medium Turbolaser Batteries, 50 Medium Ion Cannon Batteries, 40 Point Defense Cannons","max. 60 Sternenjäger, 24 Transport, 10 schwere Fahrzeuge (5 AT-TE, 2 HAVw A6 Juggernaut, 2 AT-OT, 1 SPHA-T), 10 Medium Fahrzeuge (4 TX-130 Saber-Tank, 3 AT-AP, 3 RX-200 Falchion), 20 Light/Support Fahrzeuge (8 AT-RT, 6 BARC Speeder, 3 UT-AT, 2 Infantry Support Platform, 1 Freeco Speeder)","6, (2) Kuat, (...)",500,Front/Oberseite,500,"Trotz seiner 2.500m ist der Procurator primär ein Truppentransporter/Orbitalunterstützer. Keine Heavy Weapons, keine Ordnance, keine Jäger — er gewinnt keine Linienschlachten, sondern sichert Landezonen und eskortiert Konvois. Veraltet."
Invincible-class Dreadnought Heavy Cruiser,"Schwerer Kreuzer, Rendili StarDrive, 2,011m, 8,900 Crew, 6,000 Passagiere, Klasse 2 Hyperraumantrieb, Klasse 10 Backup, 4,160 SBD, 1,900 RU, 50 MGLT","30 Medium Turbolaser Turrets, 30 Medium Ion Cannon Turrets.","x20 Quad Laser Cannons, 4 Medium Tractor Beam Projectors, 20 Assault Concussion Missile, 40 Proton Torpedo ( 8 pro Launcher )","max. 120 Sternenjäger, 36 Transport, 5 schwere Fahrzeuge (2 AT-TE, 1 HAVw A6 Juggernaut, 1 AT-OT, 1 SPHA-T), 10 Medium Fahrzeuge (4 TX-130 Saber-Tank, 3 AT-AP, 3 RX-200 Falchion), 35 Light/Support Fahrzeuge (14 AT-RT, 10 BARC Speeder, 5 UT-AT, 4 Infantry Support Platform, 2 Freeco Speeder)"," 200, dient hauptsächlich in den Streitkräften planetarer Verteidigungen im Kern",600,Unten/Oben,600,"Pro Assault-Aufschlagsrakete 5 Damage, Nachladezeit 20 sek. Pro Protontorpedo 12 Damage, Nachladezeit 20 sek. | Modernisierte Version des Dreadnought Heavy Cruisers mit verdreifachter Feuerkraft, Ion-Cannons und massivem Torpedoarsenal. Reduzierte Crew (8.900 statt 23.000) durch Automatisierung. Dient hauptsächlich in Kern-Verteidigungsflotten. Nachladezeit. Pro Torpedo 8 Damage, 20 sek. Nachladezeit"
Invincible-Klasse Dreadnought Heavy Cruiser (3017 VSY),"Schwerer Kreuzer, Rendili StarDrive, 2,011m, 23,000 Crew, 6,000 Passagiere, Klasse 2 Hyperraumantrieb, Klasse 10 Backup, 2,180 SBD, 1,860 RU, 40 MGLT","12 Medium Turbolaser Turrets
"," 30 Quad Laser Cannons, 6 Medium Tractor Beam Projectors, 6 Concussion Missile Launchers ( 10 Missiles pro Launcher)
","max. 48 Sternenjäger, 24 Transport, 10 schwere Fahrzeuge (5 AT-TE, 2 HAVw A6 Juggernaut, 2 AT-OT, 1 SPHA-T), 20 Medium Fahrzeuge (9 TX-130 Saber-Tank, 6 AT-AP, 5 RX-200 Falchion), 45 Light/Support Fahrzeuge (18 AT-RT, 14 BARC Speeder, 7 UT-AT, 4 Infantry Support Platform, 2 Freeco Speeder)"," 1000, dient hauptsächlich in den Streitkräften planetarer Verteidigungen
",250,Unten/Oben,250,"Pro Aufschlagsrakete 3 Damage, Nachladezeit 40 sek. | Originalversion des Dreadnought Heavy Cruisers — massenhaft produziert, aber veraltet und unterbewaffnet. 23.000 Crew für minimale Kampfkraft. Planeten mit diesen Schiffen als Hauptverteidigung waren leichte Beute für CIS-Flotten. Masse statt Klasse."
▸ STAR DESTROYERS,,,,,,,,,
Schiffsklasse,Grunddaten,Hauptbewaffnung,Sekundärbewaffnung,Hangar,Stationierung & Einsatz,Schaden bei opt. Feuerwinkel,Optimaler Feuerwinkel,Damage pro Schadensbericht,Notizen
Tector-class Star Destroyer," Sternenzerstörer, Kuat Drive Yards, 1,650m, 38,000 Crew, 2,000 Passagiere, Klasse 1 Hyperraumantrieb, Klasse 12 Backup, 4,800 SBD, 3,050 RU, 60 MGLT"," 10 Twin Heavy Turbolaser Turrets, 2 Twin Heavy Ion Cannon Turrets, 60 Taim & Bak XX-9 Heavy Turbolaser Batteries, 60 Borstel NK-7 Medium Ion Cannons"," 6 Triple Medium Turbolaser Turrets, 40 Point Defense Cannons, 10 Phylon Q7 Heavy Tractor Beam Projectors","Kein Hangar, nur Andockmöglichkeiten + privater Hangar für das Shuttle des Kapitäns","4, (...)",900,Front/Oberseite,900,"Reiner Linienkämpfer ohne Hangar — der gesamte Innenraum ist Reaktoren, Munition und Panzerung. Absurde Waffendichte für 1.650m mit 80 schweren Turbolaser-Einheiten. Die 10 Heavy Tractor Beams halten Ziele in der Kill-Zone. Kann Schiffe doppelt seiner Größe beschäftigen, braucht aber Jägereskorte."
Venator-class Star Destroyer," Sternenzerstörer, Kuat Drive Yards, 1,137m, 7,400 Crew, 2,000 Passagiere, Klasse 1 Hyperraumantrieb, Klasse 12 Backup, 3,250 SBD, 1,600 RU, 60 MGLT"," 8 DBY-827 Twin Heavy Turbolaser Turrets, 2 Broadside Twin Medium Turbolaser Cannons"," 16 AV-7 Deck Guns, 64 Point Defense Cannons, 6 Medium Tractor Beam Projectors, 4 Heavy Protontorpedo Launcher ( 8 Torpedo pro Launcher)","max. 420 Sternenjäger, 80 Transport, 20 schwere Fahrzeuge (10 AT-TE, 4 HAVw A6 Juggernaut, 4 AT-OT, 2 SPHA-T), 20 Medium Fahrzeuge (9 TX-130 Saber-Tank, 6 AT-AP, 5 RX-200 Falchion), 40 Light/Support Fahrzeuge (16 AT-RT, 12 BARC Speeder, 6 UT-AT, 4 Infantry Support Platform, 2 Freeco Speeder)"," 2250, (...)",600,Front/Oberseite,300,"Pro schwerer Protontorpedo 15 Damage, Nachladezeit 30 sek. | Das Rückgrat der Republik-Flotte. Der Venator vereint massive Jägerkapazität (420 Sternenjäger) mit solider Schiffsbewaffnung. Vielseitig einsetzbar als Träger, Eskortschiff und Linienkämpfer. Die DBY-827 Turbolaser sind auf kurze Distanz verheerend. Pro Torpedo 8 Damage, 20 sek Nachladezeit"
,,,,,,,,,
,,,,,,,,,
▸ HEAVY CRUISERS,,,,,,,,,
Schiffsklasse,Grunddaten,Hauptbewaffnung,Sekundärbewaffnung,Hangar,Stationierung & Einsatz,Schaden bei opt. Feuerwinkel,Optimaler Feuerwinkel,Damage pro Schadensbericht,Notizen
Victory I-class Star Destroyer,"Sternenzerstörer, Kuat Drive Yards/Rendili StarDrive, 900m, 5,200 Crew, 2,040 Passagiere, Klasse 1 Hyperraumantrieb, Klasse 12 Backup, 3,200 SBD, 1,520 RU, 40 MGLT",10 Quad Medium Turbolaser Turrets,"40 Medium Turbolaser Batteries, 10 Medium Tractor Beam Projectors, 80 Concussion Missile Launcher ( 10 pro Launcher )","max. 24 Sternenjäger, 12 Transport, 15 schwere Fahrzeuge (8 AT-TE, 3 HAVw A6 Juggernaut, 3 AT-OT, 1 SPHA-T), 15 Medium Fahrzeuge (7 TX-130 Saber-Tank, 4 AT-AP, 4 RX-200 Falchion), 25 Light/Support Fahrzeuge (10 AT-RT, 8 BARC Speeder, 4 UT-AT, 2 Infantry Support Platform, 1 Freeco Speeder)","3500, (..)",500,Front/Oberseite,"700  (Pro Launcher 10, Nachladezeit bei einem Aufschlagsraketenwerfer 40 sek )","Pro Aufschlagsrakete 3 Damage, Nachladezeit 40 sek. | In Zusammenarbeit mit Rendili StarDrive baute Kuat diese günstigen Schiffe seit über einem Jahr. Er ist wesentlich leichter, billiger und schneller zu bauen als ein Venator. Victorys sind häufig verteilt in Sektor- Patroullien und planetaren (Verteidigungs-) Flotten. Übernehmen häufig aber auch Frontlinien-Jobs. Nachladezeit"
Acclamator II-class Assault Ship,"Kreuzer, Rothana Heavy Engineering, 752m, 20,141 Crew, 3,200 Passagiere, Klasse 0.6 Hyperraumantrieb, Klasse 8 Backup, 2,220 SBD, 1,100 RU, 60 MGLT",24 Quad Medium Turbolaser Turrets,2 schwere Protontorpedo Launcher ( 20 Torpedos pro Launcher ),"max. 20 schwere Fahrzeuge (10 AT-TE, 4 HAVw A6 Juggernaut, 4 AT-OT, 2 SPHA-T), 25 Medium Fahrzeuge (11 TX-130 Saber-Tank, 8 AT-AP, 6 RX-200 Falchion), 45 Light/Support Fahrzeuge (18 AT-RT, 14 BARC Speeder, 7 UT-AT, 4 Infantry Support Platform, 2 Freeco Speeder)","500, (...)",400,Front/Oberseite,400,"Pro schwerer Protontorpedo 15 Damage, Nachladezeit 30 sek. | Truppentransporter mit Zähnen — 24 Quad Medium TL sind für 752m solide, aber der Acclamator II gehört eskortiert, nicht in die Frontlinie. 90 Bodenfahrzeuge zeigen seinen wahren Zweck: Truppen auf den Boden bringen."
Acclamator I-class Carrier Ship,"Träger, Rothana Heavy Engineering, 752m, 8,600 Crew, 2,000 Passagiere, Klasse 0.6 Hyperraumantrieb, Klasse 8 Backup, 2,040 SBD, 1,100 RU, 60 MGLT",12 Quad Medium Turbolaser,4 Assault Concussion Missile Launcher ( 6 pro Launcher ),"max. 156 Sternenjäger, 36 Gunship/Dropships","800, (...)",200,Front/Oberseite,200,"Pro Assault-Aufschlagsrakete 5 Damage, Nachladezeit 20 sek. | Trägervariante des Acclamator mit 156 Sternenjägern — entstanden aus dem Bedarf an mehr Jägerkapazität ohne genug Venatoren. Viele sind umgerüstete Mark I-Hüllen statt Neubauten. Nachladezeit"
Acclamator I-class Assault Ship,"Träger, Rothana Heavy Engineering, 752m, 12,400 Crew, 16,000 Passagiere, Klasse 0.6 Hyperraumantrieb, Klasse 8 Backup, 2,040 SBD, 1,100 RU, 60 MGLT", 24 Quad Medium Turbolaser Turrets,"24 Anti-Starfighter Laser Cannons, 4 Assault Concussion Missile Launchers (6 Missiles pro Launcher)","max. 50 schwere Fahrzeuge (25 AT-TE, 10 HAVw A6 Juggernaut, 10 AT-OT, 5 SPHA-T), 80 Medium Fahrzeuge (36 TX-130 Saber-Tank, 24 AT-AP, 20 RX-200 Falchion), 240 Light/Support Fahrzeuge (96 AT-RT, 72 BARC Speeder, 36 UT-AT, 24 Infantry Support Platform, 12 Freeco Speeder)","2,000 (...)",300,Front/Oberseite,300,"Pro Assault-Aufschlagsrakete 5 Damage, Nachladezeit 20 sek. | Das erste Schiff der Klonarmee — Geonosis und alles danach. Standardtransporter der GAR mit Kapazität für 16.000 Truppen und massivem Fahrzeughangar. Drei Jahre Krieg haben viele abgenutzt."
Modernized Dreadnought-class Heavy Cruiser,"Schwerer Kreuzer, Rendili StarDrive, 600m, 4,220 Crew, 3,000 Passagiere, Klasse 1 Hyperraumantrieb, Klasse 8 Backup, 1,920 SBD, 1,056 RU, 60 MGLT","10x Medium Turbolaser Batteries, 20 Quad Light Turbolaser Cannons",20 Heavy Laser Cannons,max. 12 Sternenjäger,"1,500 (...)",350,Front/Gleiche Ebene,350,"Modernisierter Dreadnought mit verbesserter Feuerkraft und auf ein Viertel reduzierter Crew. Die Quad Light Turbolaser geben gutes Flächenfeuer, während die Medium Batteries den Punch liefern. Solider Allrounder für Sektorverteidigung."
Dreadnought-class (Anti-Sternenjägerversion),"Schwerer Kreuzer, Rendili StarDrive, 600m, 4,220 Crew, 3,000 Passagiere, Klasse 1 Hyperraumantrieb, Klasse 8 Backup, 1,920 SBD, 1,056 RU, 60 MGLT","6 Dual Heavy Turbolaser Turrets, 2 Dual Heavy Ion Cannon Turrets, 16 Dual Heavy Laser Cannons","16 Dual Point-Defense Ion Cannons, 48 Point-Defense Cannons",max. 12 Sternenjäger,"800, (...)",250,Front/Gleiche Ebene,250,"Spezialisierter Flak-Refit des Dreadnought, entstanden als Antwort auf CIS-Drohnenschwärme. Dual Heavy Turbolaser und Ion Turrets für Kapitalschiffkampf, massive Point-Defense für Jägerabwehr. Wird immer im Verbund mit anderen Schiffen eingesetzt."
Dreadnought-class Heavy Cruiser ,"Schwerer Kreuzer, Rendili StarDrive, 600m, 16,180 Crew, 3,000 Passagiere, Klasse 2 Hyperraumantrieb, Klasse 12 Backup, 1,920 SBD, 1,056 RU, 20 MGLT","10 Medium Turbolaser Batteries, 20 Quad Light Turbolaser Cannons",20 Heavy Laser Cannons,max. 12 Sternenjäger,"5,000, (...)",300,Front/Gleiche Ebene,300,"Uraltes Pre-Klonkriege-Arbeitstier. Überall in der Galaxis verbreitet, aber mit 16.180 Crew personalintensiv und mit 20 MGLT extrem langsam. Der Toyota Corolla der Galaxis — nichts Glamouröses, aber allgegenwärtig."
,,,,,,,,,
▸ CRUISERS,,,,,,,,,
Schiffsklasse,Grunddaten,Hauptbewaffnung,Sekundärbewaffnung,Hangar,Stationierung & Einsatz,Schaden bei opt. Feuerwinkel,Optimaler Feuerwinkel,Damage pro Schadensbericht,Notizen
Thranta-class War Cruiser,"Kreuzer, Royal Alderaanian Engineering, 350m, 150 Crew, 200 Passagiere, Klasse 2 Hyperraumantrieb, Klasse 10 Backup, 800 SBD, 300 RU, 75 MGLT",5 Heavy Turbolasers,19 Laser Cannons,max. 12 Sternenjäger,"200, (...)",125,Front/Oberseite,125,"Alderaanischer Raider — schnell (75 MGLT), minimale Crew (150), aber schwache Sekundärbewaffnung (nur Laser Cannons). Hit-and-Run-Schiff, das sich seine Ziele aussucht und allem ausweicht, was zu groß ist. Prestige-Schiff, kein Arbeitstier."
Pelta-class Command Cruiser,"Kreuzer, Kuat Drive Yards, 350m, 1,500 Crew, 200 Passagiere, Klasse 2 Hyperraumantrieb, Klasse 16 Backup, 720 SBD, 280 RU, 80 MGLT","4 Heavy Turbolasers, 4 Heavy Ion Cannons, 8 Medium Turbolasers","10 Pintle-Mounted Medium Turbolasers, 8 Point Defense Laser Cannons Batteries, 2 Tractor Beams","max. 12 Sternenjäger, 4 Transport","2,750, (...)",190,Front/Oberseite,190,"Allrounder-Kreuzer mit ausgewogener Bewaffnung: Heavy TL, Heavy Ions und Medium TL decken alle Rollen ab. Solides Arbeitstier für Eskorte, Patrouille und leichte Gefechte. Die häufigste Pelta-Kampfvariante."
,,,,,,,,,
,,,,,,,,,
▸ FRIGATES,,,,,,,,,
Schiffsklasse,Grunddaten,Hauptbewaffnung,Sekundärbewaffnung,Hangar,Stationierung & Einsatz,Schaden bei opt. Feuerwinkel,Optimaler Feuerwinkel,Damage pro Schadensbericht,Notizen
Carrack-class Light Cruiser,"Kreuzer, Damorian Manufacturing, 350m, 500 Crew, 142 Passagiere, Klasse 1 Hyperraumantrieb, Klasse 12 Backup, 880 SBD, 480 RU, 80 MGLT","10 Heavy Turbolasers, 20 Laser Cannon Batteries",5 Tractor Beams,max. 4 Sternenjäger,"2,250, (...)",140,Front/Oberseite,140,"Werden häufig als Patrouillen, Konvoi-Eskorten, Aufklärer und Anti-Piraterie Schiffe verwendet. Die andere Hälfte wird von Sektormilizen und lokalen Verteidigungsflotten verwendet. Der Carrack ist billig genug, dass sich auch kleinere Welten sich ihn leisten können. "
Centax-class Heavy Frigate,"Schwere Fregatte, Slius Van Shipyards, 330m, 450 Crew, 100 Passagiere, Klasse 1 Hyperraumantrieb, Klasse 10 Backup, 850 SBD, 425 RU, 80 MGLT","4 Medium Turbolasers, 2 Quad Laser Cannons","6 Point-Defense Cannons, 2 Medium Tractor Beam Projectors, 1 MQ-1 Torpedo Launch System, 4 Heavy Proton Torpedo Launcher per System ( 18 Torpedo pro Launcher ), 8 Proton Torpedo Launchers per System ( 18 Torpedos pro Launcher ) ",/,"600, (...)",55,Front/Oberseite,55,"Pro schwerer Protontorpedo 15 Damage, Nachladezeit 30 sek. Pro Protontorpedo 12 Damage, Nachladezeit 20 sek. | Wolf im Schafspelz — nur 4 Medium TL konventionell, aber 216 Torpedos auf einer 330m-Fregatte. Reines Torpedo-Boot: Alpha-Strike aus dem Nichts, danach fast zahnlos. Wird in Staffeln von 3–5 Stück eingesetzt."
Arquitens-class Light Cruiser,"Kreuzer, Kuat Drive Yards, 325m, 100 Crew, 100 Passagiere, Klasse 2 Hyperraumantrieb, Klasse 12 Backup, 800 SBD, 420 RU, 70 MGLT",4 Dual Turbolaser Turrets,"2 Quad Laser Cannons, 2 Concussion Missile Tubes ( 15 Missiles pro Tube)","max. 3 Sternenjäger, 2 Shuttles","4,467 (...)",65,Front/Oberseite,65,"Pro Aufschlagsrakete 3 Damage, Nachladezeit 40 sek. | Standard-Patrouillen- und Eskortschiff — billig, 100 Crew, überall einsetzbar. Gerade genug Bewaffnung um Piraten und Leichtschiffe zu verjagen. Nie allein in echten Kampf."
Arquitens-class Light Anti-Fighter Cruiser,"Kreuzer, Kuat Drive Yards, 325m, 100 Crew, 100 Passagiere, Klasse 2 Hyperraumantrieb, Klasse 12 Backup, 800 SBD, 420 RU, 70 MGLT",4 Quad Heavy Laser Cannons,"2 Dual Point-Defense Ion Cannons, 6 Dual Laser Cannons, 12 Point-Defense Cannons, 2 Concussion Missile Tubes ( 15 pro Tube )","max. 3 Sternenjäger, 2 Shuttles","1,340, (...)",40,Front/Oberseite,40,"Pro Aufschlagsrakete 3 Damage, Nachladezeit 40 sek. | Flak-Variante ohne einen einzigen Turbolaser — reine Anti-Jäger-Plattform. Baut eine Flak-Blase auf, die Vulture Droids und Hyena Bomber zerreißt. Braucht immer ein Schiff daneben, das den Kapitalschiffkampf führt."
EF-76 Nebulon B-class Escort Frigate,"Eskortfregatte, Kuat Drive Yards, 300m, 864 Crew, 75 Passagiere, Klasse 2 Hyperraumantrieb, Klasse 12 Backup, 960 SBD, 448 RU, 40 MGLT",12 Medium Turbolaser Turrets,"12 Light Laser Cannons, 2 Heavy Tractor Beams, 2 Concussion Missile Tubes (je 15 Missiles)","max. 24 Sternenjäger, 6 Shuttles","2,873, (...)",100,Front/Breitseite,100,"Pro Aufschlagsrakete 3 Damage, Nachladezeit 40 sek. | Eskortfregatte mit 24 Jägern — ein vollständiges Geschwader auf einer Fregatte. 960 SBD und 448 RU sind die besten Defensivwerte unter 300m. Schwachstelle: der dünne Hals, nach achtern fast blind."
Pelta-class Strike Frigate,"Strike Frigate, Kuat Drive Yards, 300m, 1.200 Crew, 250 Passagiere, Klasse 2 Hyperraumantrieb, Klasse 16 Backup, 680 SBD, 300 RU, 80 MGLT"," 2 Heavy Turbolaser Cannons, 2 Heavy Ion Cannons, 12 Medium Turbolasers"," 20 Pintle-Mounted Medium Turbolasers, 8 Point-Defense Laser Cannon Batteries, 4 Tractor Beams",/,"875, (...)",170,Front/Breitseite,170,"Offensivste Pelta-Variante mit doppelter Medium-Turbolaser-Masse (32 Stück) auf Kosten der Heavy Weapons. Gegen Fregatten und Leichtschiffe effektiver als der Cruiser, gegen Sternenzerstörer fehlt der Punch."
"Pelta-class Frigate
"," Fregatte, Kuat Drive Yards, 282m, 900 Crew, 1.000 Passagiere, Klasse 2 Hyperraumantrieb, Klasse 16 Backup, 680 SBD, 300 RU, 80 MGLT"," 4 Medium Turbolasers, 6 Light Turbolaser Batteries","4 Point-Defense Light Laser Cannon Batteries, 4 Tractor Beams",/,"1,964, (...)",55,Front/Oberseite,55,"Leichter Transporter mit Minimalwaffen — 4 Medium TL und 6 Light TL sind reiner Selbstschutz. 1.000 Passagiere zeigen den wahren Zweck: Truppen und Material bewegen. Gehört in den Konvoi, nicht an die Front."
Pelta-class Assault Ship,"Assault Ship, Kuat Drive Yards, 282m, 800 Crew, 500 Passagiere, Klasse 2 Hyperraumantrieb, Klasse 16 Backup, 680 SBD, 300 RU, 80 MGLT",4 Light Turbolaser Batteries,"4 Point-Defense Light Laser Cannon Batteries, 2 Tractor Beams, 6 Heavy Proton Torpedo Tubes (je 18 Torpedoes), 12 Proton Torpedo Tubes (je 18 Torpedoes)",/,"475, (...)",30,Front/Oberseite,30,"Pro schwerer Protontorpedo 15 Damage, Nachladezeit 30 sek. Pro Protontorpedo 12 Damage, Nachladezeit 20 sek. | Reines Torpedo-Boot der Pelta-Familie: 108 Heavy + 216 normale Torpedos auf 282m — massiver Alpha-Strike. Konventionell fast wehrlos (4 Light TL). Nach dem Torpedo-Vorrat sollte sie sich zurückziehen."
Pelta-class Medical Frigate,"Medical Frigate, Kuat Drive Yards, 282m, 600 Crew, 1.500 Passagiere, Klasse 2 Hyperraumantrieb, Klasse 16 Backup, 680 SBD, 300 RU, 80 MGLT",2 Light Turbolaser Batteries,"3 Point-Defense Light Laser Cannon Batteries, 3 Tractor Beams",/,"1,842, (...)",15,Front/Oberseite,15,"Lazarettschiff mit 1.500 Patientenkapazität. Die minimale Bewaffnung (2 Light TL) ist reine Notwehr. Die Tractor Beams fangen Rettungskapseln ein. Zweit­häufigste Pelta-Variante, weil drei Jahre Krieg endlose Verwundete bedeuten."
Pelta-class Transport Ship," Transporter, Kuat Drive Yards, 282m, 500 Crew, 2.500 Passagiere, Klasse 2 Hyperraumantrieb, Klasse 16 Backup, 680 SBD, 300 RU, 80 MGLT",2 Light Turbolaser Batteries,"2 Point-Defense Light Laser Cannon Batteries, 3 Tractor Beams","max. 100 Light Fahrzeuge (40 AT-RT, 30 BARC Speeder, 15 UT-AT, 10 Infantry Support Platform, 5 Freeco Speeder)","2,673, (...)",10,Front/Oberseite,10,"Reiner Transporter — 2.500 Passagiere und 100 Fahrzeuge auf 282m. Schwächste Bewaffnung aller Pelta-Varianten. Gehört in eskortierte Konvois. Das unglamouröseste, aber wichtigste Schiff der Republik-Logistik."
Alderaanian War Frigate," Kriegsfregatte, Royal Alderaanian Engineering, 250m, 700 Crew, Klasse 2 Hyperraumantrieb, 500 SBD, 220 RU, 65 MGLT",10 Quad Turbolaser Batteries,4 Medium Ion Cannons,/,"173, (...)",110,Front/Oberseite,110,"Kompakte alderaanische Kriegsfregatte mit absurder Turbolaser-Dichte: 10 Quad TL Batteries (40 Läufe) auf 250m plus Ion-Kapazität. Breitseiten-Kämpfer, selten (Royal Alderaanian Engineering), aber respektabel bewaffnet."
DP-20 Frigate," Fregatte, Corellian Engineering Corporation, 120m, 91 Crew, Klasse 2 Hyperraumantrieb, Klasse 16 Backup, 416 SBD, 176 RU, 75 MGLT",8 Dual Medium Turbolasers,"6 Quad Laser Cannons, 1 AD-11G Missile Launch System, 4 Heavy Concussion Missile Tubes pro System (je 18 Missiles), 10 Concussion Missile Tubes pro System (je 18 Missiles)",/,"4,273, (...)",70,Breitseite,70,"Pro schwerer Aufschlagsrakete 9 Damage, Nachladezeit 50 sek. Pro Aufschlagsrakete 3 Damage, Nachladezeit 40 sek. | Corellianisches Kanonenboot — 16 Medium Turbolaser-Läufe auf 120m, absurde Feuerdichte. 91 Crew, billig, wird in Schwärmen eingesetzt. Einzeln ein Ärgernis, 6–8 zusammen können einem Kreuzer zusetzen."
,,,,,,,,,
,,,,,,,,,
▸ CORVETTES,,,,,,,,,
Schiffsklasse,Grunddaten,Hauptbewaffnung,Sekundärbewaffnung,Hangar,Stationierung & Einsatz,Schaden bei opt. Feuerwinkel,Optimaler Feuerwinkel,Damage pro Schadensbericht,Notizen
CR-90 Corvette,"Korvette, Corellian Engineering Corporation, 150m, 120 Crew, 600 Passagiere, Klasse 2 Hyperraumantrieb, 400 SBD, 228 RU, 60 MGLT","6 Dual Medium Turbolasers
","2 Quad Laser Cannons, 1 Proton Torpedo Launcher (10 Torpedoes)",max. 4 Shuttles,"13,345, (...)",50,Oberseite,50,"Pro Protontorpedo 12 Damage, Nachladezeit 20 sek. | Galaktisches Universalwerkzeug — Patrouille, Kurierdienst, VIP-Transport, Blockadebrecher. Jeder und seine Großmutter fliegt eine CR-90. Solide Medium-Bewaffnung für Selbstverteidigung."
CR-90 Corvette w/ Full Armament Conversion,"Korvette, Corellian Engineering Corporation, 150m, 80 Crew, 600 Passagiere, Klasse 2 Hyperraumantrieb, 400 SBD, 188 RU, 60 MGLT","2 Dual Medium Turbolasers, 4 Medium Turbolaser Turrets",/,max. 4 Shuttles,"1,934, (...)",40,Oberseite,40,"Umrüstungsvariante der CR-90 mit reduzierter Bewaffnung (8 Medium TL-Läufe statt 12). Trotz des Namens konventionell schwächer als die Standardversion. Weniger Crew, weniger Panzerung."
CR-90 Corvette w/ Turbolaser Conversion," Korvette (Turbolaser-Umbau), Corellian Engineering Corporation, 150m, 80 Crew, 600 Passagiere, Klasse 2 Hyperraumantrieb, 400 SBD, 188 RU, 60 MGLT
",x6 Dual Medium Turbolaser Turrets,/,max. 4 Shuttles,"1,761, (...)","52,5",Oberseite,"52,5","Turbolaser-Umbau der CR-90: 6 Dual Medium TL Turrets (12 Läufe in Turrets statt festen Batteries). Marginal besser als die Standard-CR-90 gegen Kapitalschiffe, aber ohne Jägerabwehr und Torpedo."
"Consular-class Cruiser, Charger c70 Refit","Kreuzer, Corellian Engineering Corporation, 138m, 9 Crew, 20 Passagiere, Klasse 1.5 Hyperraumantrieb, 350 SBD, 160 RU, 75 MGLT",4 Twin Medium Turbolasers,1 Twin Heavy Ion Cannon,/,"2,398, (...)","42,5",Front/Breitseite,"42,5","Umgerüstetes Diplomatenschiff — die Consular-Klasse wurde bei Kriegsbeginn massenhaft zum c70 umgebaut. 9 Crew, extrem automatisiert. Die Twin Heavy Ion Cannon gibt ihr echte Schildbekämpfung trotz kleiner Größe. Lückenfüller der Frühkriegsphase."
CR-70 Corvette,"Korvette, Corellian Engineering Corporation, 120m, 100 Crew, 600 Passagiere, Klasse 2 Hyperraumantrieb, 300 SBD, 130 RU, 80 MGLT",/,/,/,"12,028, (...)",/,/,/,"Waffenloser Vorgänger der CR-90 — reines Zivil- und Diplomatenschiff. Kurierdienste, Passagiertransport, senatoriale Shuttles. Im Krieg ein Konvoi-Mitglied, das Eskorte braucht, oder Umbau-Kandidat."
Republic Light Assault Cruiser,"Light Assault Cruiser, Corellian Engineering Corporation, 115m, 25 Crew, 80 Passagiere, Klasse 2 Hyperraumantrieb, 330 SBD, 150 RU, 75 MGLT",6 Turbolasers,10 Laser Cannons,max. 3 Shuttles,,,,,"Leichter corellianischer Angriffskr­euzer mit 6 Turbolasern und 10 Laser Cannons. Kompakt (115m), minimale Crew (25), schnell einsetzbar."
IPV-2C Stealth Corvette," Stealth-Korvette, Sienar Design Systems, 99m, 12 Crew, 8 Passagiere, Klasse 2 Hyperraumantrieb, 350 SBD, 60 RU, 40 MGLT",2 Dual Laser Cannons,"4 Torpedo Launchers (je 4 Missiles)
",/,"15, (...)",5,Front,5,"Pro Protontorpedo 12 Damage, Nachladezeit 20 sek. | Stealth-Schiff mit Tarnvorrichtung — 2 Dual Laser Cannons sind reine Notwehr. Die Waffe ist Unsichtbarkeit: Anschleichen, Torpedos abfeuern, verschwinden. Geheimdienst-Hardware, jedes Exemplar quasi einzigartig."
Paladin-class Corvette,"Korvette (Jedi-Orden), Rendilli Vehicle Corporation, 99m, 10 Crew, 300 Passagiere, Klasse 2 Hyperraumantrieb, Klasse 3 Backup, 265 SBD, 55 RU, 85 MGLT",/,/,/,"123, (...)",/,/,/,"Waffenloses Jedi-Orden-Schiff für Missionen, Diplomatie und Schülertransport. 300 Passagiere bei 10 Crew. Der ungewöhnlich gute Backup-Hyperantrieb (Klasse 3) zeigt den Jedi-Anspruch an Zuverlässigkeit."
CSS-1 Corellian Star Shuttle,"Shuttle-Korvette, Corellian Engineering Corporation, 80m, 8 Crew, 200 Passagiere, Klasse 1.5 Hyperraumantrieb, Klasse 12 Backup, 150 SBD, 80 RU, 75 MGLT",/,/,/,"23,183, (...)",/,/,/,"Galaktischer Linienbus — 80m, 8 Crew, 200 Passagiere, waffenlos. Überall wo Menschen von A nach B müssen: senatoriale Shuttles, Passagierfähren, Evakuierungstransporter. Im Krieg massenhaft zweckentfremdet."
,,,,,,,,,
,,,,,,,,,
▸ FREIGHTERS,,,,,,,,,
Schiffsklasse,Grunddaten,Hauptbewaffnung,Sekundärbewaffnung,Hangar,Stationierung & Einsatz,Schaden bei opt. Feuerwinkel,Optimaler Feuerwinkel,Damage pro Schadensbericht,Notizen
Tavya-class Armored Picket,"Armored Picket, Hoersch-Kessel Drive, 25m, 1 Crew, 4 Passagiere, Klasse 2 Hyperraumantrieb, 60 SBD, 50 RU, 85 MGLT",1 Laser Cannon,1 Proton Torpedo Launcher ( 6 Torpedos),/,"8,324, (...)","1,5",Front,"1,5","Pro Protontorpedo 12 Damage, Nachladezeit 20 sek. | Bewaffneter Wachhund — 25m, 1 Pilot, schnell. Hyperraumlane beobachten, Alarm schlagen, bei Gefahr Torpedos abfeuern und abhauen. Das galaktische Äquivalent eines Streifenwagens."
PB-950 Patrol Boat," Patrol Boat, Corellian Engineering Corporation, 37m, 4 Crew, 8 Passagiere, Klasse 1 Hyperraumantrieb, Klasse 12 Backup, 100 SBD, 70 RU, 70 MGLT",1 Quad Laser Cannons,"2 Medium Ion Cannons, x1 Concussion Missile Launcher (10 Missiles)",/,"9,734, (...)",6,Front,6,"Pro Aufschlagsrakete 3 Damage, Nachladezeit 40 sek. | Polizeiboot mit Taser — die Ion Cannons deaktivieren Systeme, die Quad Laser hält Druck. Für Zollkontrolle, Hafenpatrouille und Anti-Piraterie in ruhigen Sektoren. Hinter der Front unverzichtbar."
,,,,,,,,,
,,,,,,,,,
▸ GUNSHIPS & TRANSPORTS,,,,,,,,,
Schiffsklasse,Grunddaten,Hauptbewaffnung,Sekundärbewaffnung,Hangar,Stationierung & Einsatz,Schaden bei opt. Feuerwinkel,Optimaler Feuerwinkel,Damage pro Schadensbericht,Notizen
Nu-class Shuttle,"Shuttle, Cygnus Spaceworks, 18,9m, 2 Crew, 30 Passagiere, Klasse 1 Hyperraumantrieb, 65 SBD, 35 RU, 65 MGLT",2 Medium Laser Cannons,2 Double Light Laser Cannons,/,"38,423, (...)","3,5",Front,"3,5","Standard-Shuttle der GAR. Wo immer Klone landen müssen, fliegt eine Nu-class. Medium Laser Cannons sind eine Stufe über normalen Lasern, genug für den Anflug zur Landezone."
LAAT/s Gunship,"Gunship, Rothana Heavy Engineering, 17,69m, 6 Crew, 24 Passagiere, Klasse 1 Hyperraumantrieb, 40 SBD, 30 RU, 55 MGLT",2 Laser Cannons,"4 Composite-beam Laser Turrets, x2 Mass Driver Launcher (30 Missiles)",/,"23,753, (...)",4,Allseitig,4,"Pro Mass-Driver-Aufschlagsrakete 3 Damage, Nachladezeit 15 sek. | Weltraum-Variante der LAAT mit Hyperantrieb. Die 4 Composite-beam Turrets geben Rundum-Feuerfähigkeit. Für Boarding-Aktionen, Enterkommandos und Kurzstrecken-Truppentransfers."
LAAT/c Dropship,"Dropship, Rothana Heavy Engineering, 17,69m, 1 Crew, 30 SBD, 30 RU, 50 MGLT",2 Light Laser Cannons,/,max. x4 leichte Fahrzeuge (z.B. 4 AT-RT oder 4 BARC Speeder) ODER x1 medium Fahrzeug (z.B. AT-AP oder TX-130 Saber-Tank) ODER x1 schweres Fahrzeug (z.B. AT-TE oder HAVw A6 Juggernaut),"28,934, (...)",1,Front,1,"Fahrzeug-Dropship ohne nennenswerte Bewaffnung. Einziger Zweck: AT-TEs und andere Fahrzeuge auf den Boden bringen. 1 Crew, Verbrauchsmaterial."
LAAT/i Gunship," Infantry Gunship, Rothana Heavy Engineering, 17,69m, 6 Crew, 30 Passagiere, 50 SBD, 30 RU, 50 MGLT",3 Laser Cannons,"4 Composite-beam Laser Turrets, x2 Mass Driver Launcher (je 30 Missiles), x2 Droid Buster Launchers (je 2 EMP Missiles)","max. 4 leichte Fahrzeuge (2 AT-RT, 1 BARC Speeder, 1 UT-AT)","86,231, (...)",5,Front,5,"Pro Mass-Driver-Aufschlagsrakete 3 Damage, Nachladezeit 15 sek. | Das ikonische Gunship der Klonkriege — Geonosis, Christophsis, Umbara. Die konventionelle Bewaffnung ist Nahunterstützung, der eigentliche Schaden kommt aus Mass Drivers und Droid Busters. Berüchtigt für hohe Verlustrate."
Delta-12 Skysprite-class VIP Transport,"VIP-Transporter, Kuat Systems Engineering, 13m, 1 Crew, 1 Passagier, 120 SBD, 60 RU, 75 MGLT",/,/,/,"892, (...)",/,/,/,"Persönliches VIP-Taxi — 13m, 1 Crew, 1 Passagier, waffenlos. Für Senatoren, Generäle und Jedi. Klein, schnell, unauffällig."
Boarding Drill Pod,"Boarding Pod, Kuat Systems Engineering, 12m, 1 Crew, 48 Passagiere, 80 SBD, 90 RU, 60 MGLT",/,/,/,"7,238, (...)",/,/,/,"Einweg-Dosenöffner für Entermanöver — 48 Truppen, keine Waffen, dafür 90 RU Panzerung. Bohrt sich durch feindliche Hüllen. Wird von Trägerschiffen mitgeführt und im Gefecht ausgesetzt. Verbrauchsmaterial."
LAAT/le Patrol Gunship,"Patrol Gunship, Rothana Heavy Engineering, 11,48m, 2 Crew, 12 Passagiere, 55 SBD, 40 RU, 60 MGLT",3 Laser Cannons,/,/,"43,128, (...)",2,Front,2,"Streifenwagen der GAR — Polizeiarbeit, Sicherheitspatrouillen, urbane Operationen auf besetzten Planeten. 3 Laser Cannons reichen für Kriminelle, nicht für echten Kampf. Das Fahrzeug, das die Zivilbevölkerung am häufigsten sieht."
,,,,,,,,,
,,,,,,,,,
▸ FIGHTERCRAFT,,,,,,,,,
Schiffsklasse,Grunddaten,Hauptbewaffnung,Sekundärbewaffnung,Hangar,Stationierung & Einsatz,Schaden bei opt. Feuerwinkel,Optimaler Feuerwinkel,Damage pro Schadensbericht,Notizen
BTL-B Y-Wing Bomber,"Bomber, Koensayr Manufacturing, 23m, 2 Crew, Klasse 2 Hyperraumantrieb, 30 RU, 80 MGLT (ohne Nutzlast) / 60 MGLT (mit Nutzlast), 59 DPF Maneuverability",2 Medium Laser Cannons,"1 Double Light Ion Cannons, 1 MG7 Proton Torpedo Launcher (10 Torpedoes), 1 Bomber Chute (8 Proton Bombs)",/,"17,243, (...)",3,Front/Heck,3,"Pro Protontorpedo 12 Damage, Nachladezeit 20 sek. Pro Proton-Bombe 20 Damage, Nachladezeit 20 sek. | Standard-Bomber der GAR. Träge (59 DPF) und langsam mit Nutzlast (60 MGLT), aber 10 Torpedos und 8 Proton Bombs liefern den Punch. Ohne Ordnance ein schwerfälliges Ziel. Verlustrate bei Bombing Runs ist brutal. Pro Protonenbombe 15 Damage, Nachladezeit 50 sek."
NTB-630 Naval Bomber,"Naval Bomber, Incom Corporation & Subpro Corporation, 18,9m, 4 Crew, 40 SBD, 25 RU, 75/50 MGLT, 70 DPF",1 Twin Laser Cannons,"1 Twin Autoblasters, 1 Bomber Chute (10 Proton Bombs)",/,"6,782, (...)",2,Front/Heck,2,"Pro Proton-Bombe 20 Damage, Nachladezeit 20 sek. | Schnellerer, wendigerer Bomber als der Y-Wing (75 MGLT, 70 DPF), aber schwächere konventionelle Bewaffnung. 4 Crew, personalintensiv. Beliebt bei Verbänden, die Wert auf Überlebensfähigkeit ihrer Bomber legen. Pro Protonenbombe 15 Damage, Nachladezeit 50 sek."
Clone Z-95 Headhunter,"Starfighter, Incom Corporation & Subpro Corporation, 16,74m, 1 Crew, 35 SBD, 18 RU, 90 MGLT, 96 DPF",2 Laser Cannons,2 Torpedo Launchers (je 4 Torpedoes),/,"56,821, (...)","1,5",Front/Heck,"1,5","Pro Protontorpedo 12 Damage, Nachladezeit 20 sek. | Häufigster Jäger der GAR neben dem V-Wing. Uraltes, ausgereiftes Design — billig, einfach zu warten, perfekte Massenware. Wo kein besserer Jäger verfügbar ist, fliegen Z-95s. Ersetzbares Kanonenfutter."
ARC-170 Starfighter,"Starfighter, Incom Corporation & Subpro Corporation, 14,5m, 4 Crew, Klasse 1.5 Hyperraumantrieb, 40 SBD, 25 RU, 85 MGLT, 92 DPF",2 Medium Laser Cannons,"2 Rear Laser, 1 Torpedo Launcher (6 Torpedoes)",/,"15,213, (...)",3,Front/Heck,3,"Pro Protontorpedo 12 Damage, Nachladezeit 20 sek. | Mehrzweck-Schwere-Jäger mit 4 Crew, Hyperantrieb und Heckschütze. Langstreckenaufklärung, Eskorte, schwere Jägereinsätze. Teurer und personalintensiver als der Z-95, geht an erfahrene Staffeln."
PTB-625 Planetary Bomber,"Planetary Bomber, Incom Corporation & Subpro Corporation, 14,2m, 5 Crew, 30 SBD, 20 RU, 70 MGLT, 74 DPF",1 Twin Light Laser Cannons,"1 Twin Autoblasters, 1 Bomber Chute (8 Proton Bombs)",/,"11,238, (...)","1,5",Front/Heck,"1,5","Pro Proton-Bombe 20 Damage, Nachladezeit 20 sek. | Atmosphärischer Bomber für Bodenziele — Truppenstellungen, Bunker, Fahrzeugkolonnen. Kein Weltraumbomber. 5 Crew auf 14,2m ist extrem eng. Konventionelle Bewaffnung ist reine Überlebenshilfe auf dem Anflug. Pro Protonenbombe 15 Damage, Nachladezeit 50 sek."
ARC-40b Scout-Reconnaissance Fighter,"Scout Fighter, Kuat Systems Engineering, 12,7m, 3 Crew, Klasse 2 Hyperraumantrieb, Klasse 8 Backup, 25 SBD, 15 RU, 100 MGLT, 88 DPF",2 Light Laser Cannons,"1 Twin Light Laser Cannons, 2 Concussion Missile Launcher (je 4 Missiles)",/,"3,864, (...)",2,Front/Heck,2,"Pro Aufschlagsrakete 3 Damage, Nachladezeit 40 sek. | Aufklärer — 100 MGLT, Hyperantrieb mit Klasse 8 Backup. Reinfliegen, scannen, dokumentieren, abhauen. Konventionell schwach (nur Light Laser), die Missiles sind Notfall-Biss. Der beste Einsatz ist einer, bei dem nie geschossen wird."
N-1 Starfighter,"Starfighter, Nubia Star Drives Incorporated, 11m, 1 Crew, Klasse 1 Hyperraumantrieb, 30 SBD, 22 RU, 100 MGLT, 98 DPF",1 Twin Laser Cannons,2 Proton Torpedo Launchers (je 5 Missiles),/,"328, (...) ","1,5",Front,"1,5","Pro Protontorpedo 12 Damage, Nachladezeit 20 sek. | Naboo-Prestige-Jäger — elegant, schnell (100 MGLT, 98 DPF), aber unterbewaffnet. Exklusiv für Naboos Königliche Sicherheitskräfte. Systemverteidigung und Eskorte für die Königin."
Delta-7B Aethersprite-class Light Interceptor,"Interceptor, Kuat Systems Engineering, 8m, 1 Crew, 20 RU, 110 MGLT, 104 DPF",4 Laser Cannons,/,/,"1,238, (...)","2,5",Front,"2,5","Verbessertes Jedi-Interceptor-Modell mit leicht stärkerer Panzerung (20 vs 18 RU). Kein Schild, kein eigener Hyperantrieb — braucht externen Ring. In Jedi-Händen tödlich, für normale Piloten ein fliegender Sarg. 110 MGLT, 104 DPF."
Delta-7 Aethersprite-class Light Interceptor," Interceptor, Kuat Systems Engineering, 8m, 1 Crew, 18 RU, 110 MGLT, 104 DPF",2 Twin Laser Cannons,/,/,"1,242, (...)","2,5",Front,"2,5","Originalversion des Jedi-Interceptors. Minimal schwächere Panzerung als die 7B. Viele im Lauf der Klonkriege durch 7Bs ersetzt, aber erfahrene Jedi bevorzugen oft das vertraute Modell."
Alpha-3 Nimbus-class V-Wing Interceptor," Interceptor, Kuat Systems Engineering, 7,9m, 1 Crew, 40 SBD, 25 RU, 110 MGLT, 100 DPF",2 Light Twin Laser Cannons,1 Concussion Missile Launcher (4 Missiles),/,"66,828, (...)",2,Front,2,"Pro Aufschlagsrakete 3 Damage, Nachladezeit 40 sek. | Meistproduzierter Jäger der späten Klonkriege. Ersetzt den Z-95 als Standard-Interceptor. Keine eigener Hyperantrieb — reiner Träger-Interceptor. Light Twin Laser sind schwach, aber Schilde (40 SBD) machen ihn überlebensfähig."
V-19 Torrent starfighter,"Starfighter, Slayn & Korpil, 6m, 1 Crew, Klasse 2 Hyperraumantrieb, 15 RU, 90 MGLT, 102 DPF",2 Laser Cannons,2 Concussion Missile Launcher (je 2 Missiles),/,"39,128, (...)","1,5",Front,"1,5","Pro Aufschlagsrakete 3 Damage, Nachladezeit 40 sek. | Standard-Jäger der frühen Klonkriege — Geonosis und die ersten großen Schlachten. Winzig (6m), wendig (102 DPF), aber ohne Schilde verwundbar. Wird gegen Kriegsende durch V-Wings und Z-95s verdrängt."
Eta-2 Actis-class Interceptor (Heavy Defense Variant)," Interceptor, Walex Blissex / Kuat Systems Engineering, 5,47m, 1 Crew, 45 SBD, 25 RU, 120 MGLT, 95 DPF",2 Laser Cannons,1 Concussion Missile Launcher (4 Missiles),/,"333, (...)","1,5",Front,"1,5","Pro Aufschlagsrakete 3 Damage, Nachladezeit 40 sek. | Jedi-Interceptor mit Schilden (45 SBD) auf Kosten der Wendigkeit (95 DPF). Für Jedi, die als Staffelführer länger im Kampf bleiben müssen. 120 MGLT — zweitschnellstes Schiff der Flotte."
Eta-2 Actis-class Interceptor,": Interceptor, Walex Blissex / Kuat Systems Engineering, 5,47m, 1 Crew, 20 RU, 125 MGLT, 93 DPF",2 Laser Cannons,2 Ion Cannons,/,"1,729, (...)",2,Front,2,Standard-Jedi-Interceptor der späten Klonkriege. 125 MGLT — schnellstes Schiff der Flotte. 2 Ion Cannons ermöglichen Schildstörung und Systemdeaktivierung. Ohne Schilde und mit 93 DPF völlig auf die Macht als Frühwarnsystem angewiesen.